id,first_name,last_name,gender,card_number,bill,created_date,modified_date
1,Ingemar,McNeilly,Male,4041594162087618,2698.95,2022-07-01 05:26:37,2022-06-19 22:29:57
2,Gena,Maddams,Female,5002359132813988,4654.7,2023-02-20 03:01:13,2023-04-28 17:39:30
3,Jennilee,Markwelley,Female,4037604023323,6098.19,2022-08-22 07:02:21,2022-12-26 02:18:11
4,Gerrilee,Jimenez,Female,4041377632484,9671.53,2022-01-03 18:59:18,2023-01-24 06:22:38
5,Francesco,Palfreyman,Male,4017952850169405,939.12,2022-05-17 12:16:51,2022-02-10 23:09:32
6,Brocky,Seadon,Male,5361177652834639,3011.64,2022-02-19 02:19:08,2023-04-15 11:33:32
7,Jolene,Ferryn,Female,5100133978239355,3086.11,2022-06-28 20:42:30,2022-05-24 18:54:51
8,Imogen,Mandry,Female,4041598280519,9893.96,2022-07-29 10:43:18,2023-05-17 01:05:22
9,Ilse,Stares,Female,5370325962446805,5959.7,2023-04-05 01:55:31,2022-08-22 10:03:16
10,Fitz,Benbrick,Bigender,5108750980656920,704.74,2022-11-05 10:41:51,2022-06-01 21:49:24
11,Jeremy,Sanzio,Male,5100138107583250,9690.96,2022-08-18 17:56:32,2023-05-23 12:45:11
12,Yolane,Yeell,Female,4041595561226,3565.16,2022-06-10 01:32:17,2022-04-28 07:56:03
13,Osborn,Belchamber,Male,5133481796983394,5151.25,2023-02-08 06:23:57,2022-06-19 11:46:49
14,Raddie,Baistow,Male,4041595138869286,6987.05,2023-04-26 16:43:32,2022-09-10 17:15:34
15,Devin,Sachno,Female,5217061453801888,3913.81,2023-05-06 02:40:31,2023-04-15 02:40:06
16,Fayre,Clemendet,Bigender,4041598149557,9300.88,2023-04-26 21:02:52,2022-12-05 04:39:59
17,Thain,Boness,Male,5048377259348766,6149.98,2022-01-12 10:29:52,2022-04-25 09:53:43
18,Teddie,Morfell,Female,4739413728535,2665.31,2023-06-01 20:10:20,2023-05-06 01:04:42
19,Viviana,Hastings,Female,5452467556721630,110.61,2023-04-08 01:44:14,2023-01-27 03:53:14
20,Griff,Burley,Male,4041378792097,871.14,2022-06-29 22:44:23,2022-03-20 21:38:15
21,Kay,Kienzle,Female,4041590409147728,5553.73,2022-09-16 00:42:27,2022-11-15 16:51:35
22,Cass,Faithorn,Female,5010121602957202,9910.74,2022-06-07 17:48:29,2022-08-22 18:00:04
23,Davide,Simkovitz,Agender,4017954080191787,7316.28,2022-11-17 02:39:01,2022-11-28 15:45:02
24,Nathalie,Forsey,Female,5155952347298980,4623.51,2022-06-12 16:39:54,2022-03-13 10:34:11
25,Constantino,Rowell,Male,4388060902129624,5970.2,2022-04-01 00:04:18,2022-01-29 07:04:33
26,Cirstoforo,Venn,Male,5100136647288083,3518.45,2023-01-13 14:49:21,2022-12-15 00:18:21
27,Adel,Terzza,Female,4138633937891559,7488.73,2022-05-26 06:17:42,2022-06-11 01:49:36
28,Enrique,Tesimon,Male,5010127013643034,7777.91,2022-02-25 01:12:24,2022-10-09 01:57:05
29,Row,MacSporran,Female,4181895211567710,7586.19,2023-05-05 09:25:46,2022-04-18 21:10:14
30,Michaela,Lewin,Female,4041370972002,5566.46,2022-09-12 19:24:47,2022-11-16 17:35:39
31,Skelly,Vassano,Male,4875927176779252,9091.9,2022-12-22 08:36:57,2022-02-06 05:40:10
32,Bird,Abrahamian,Female,4017959264146820,6963.2,2022-06-21 07:20:12,2022-04-27 08:08:33
33,Wadsworth,Hawkwood,Male,4017952478444610,1754.01,2022-09-14 09:29:40,2022-02-22 20:25:32
34,Rutter,O'Mullaney,Male,5048375913102371,974.28,2022-02-15 18:55:59,2023-01-23 09:06:58
35,Rhona,Sallier,Female,5100135692576608,7464.43,2022-02-06 04:48:13,2023-03-22 01:38:30
36,Karmen,Skoof,Female,4532397247469,3352.75,2023-01-28 17:26:47,2022-03-24 02:36:43
37,Kris,Simmers,Female,4041370637779,6284.19,2022-02-08 10:14:13,2023-05-12 00:21:04
38,Willem,Sedgemore,Male,5100131250333367,3919.9,2022-10-07 05:02:15,2022-11-15 23:10:05
39,Jeremias,McKea,Bigender,4041597821522305,7655.23,2022-06-11 09:55:00,2022-12-14 02:59:03
40,Caryl,Glanders,Male,5010127237244437,5450.5,2023-02-11 00:46:07,2023-03-15 18:05:52
41,Bride,Gresley,Polygender,5516876996064159,7602.12,2023-01-31 00:44:27,2022-10-26 21:13:21
42,Jessamine,Mishaw,Female,4041591350900206,4908.25,2023-02-01 21:55:06,2022-12-10 13:54:00
43,Phedra,Goning,Female,4777234581531546,4341.48,2022-01-27 16:18:09,2022-07-06 09:58:24
44,Franzen,January,Male,5472049731313362,9781.22,2022-09-12 05:38:48,2022-10-22 05:11:29
45,Elsi,Eate,Female,4786787452056397,4073.52,2022-04-23 12:41:45,2022-05-30 15:16:09
46,Karylin,Merrin,Female,5347644104739665,3707.34,2022-03-22 22:23:15,2022-01-24 07:34:00
47,Poppy,Yeoman,Female,4017953100109902,5532.27,2022-11-06 00:38:09,2022-01-09 01:19:50
48,Dacey,Decaze,Female,4126100583114763,413.21,2022-11-06 23:07:35,2022-06-25 13:47:12
49,Lindon,Gian,Male,5108757756997446,6637.83,2023-01-10 13:55:59,2022-10-02 13:27:15
50,Hill,Spriggs,Male,5520091435738728,2874.8,2022-10-15 16:42:56,2022-07-19 20:57:18
51,Verge,Tiffany,Male,4041592238182,6048.27,2023-02-11 07:03:34,2022-11-24 12:58:22
52,Cristen,Hedderly,Non-binary,5370366564940647,9438.59,2022-01-23 05:04:27,2022-07-22 09:25:24
53,Freida,Buckthorpe,Female,4041371057563,3481.39,2023-02-19 10:55:07,2023-06-05 16:02:37
54,Arden,Panks,Female,5100136180308314,7400.99,2022-07-25 07:03:55,2023-05-17 17:50:29
55,Jessika,Gameson,Female,4794511231619,1138.59,2022-08-05 04:36:12,2022-02-18 05:04:52
56,Tiffy,Greenset,Female,4041595284126,6993.39,2022-06-06 16:29:11,2023-05-27 21:32:36
57,Izak,Di Batista,Male,4041599603758818,7485.18,2023-02-02 19:51:08,2022-09-30 10:24:21
58,Jed,Aireton,Male,4041594263923,8614.8,2022-11-02 04:25:55,2023-05-11 18:40:23
59,Newton,Skudder,Male,5002359776867910,2036.13,2022-02-06 21:13:31,2022-08-07 04:36:46
60,Wandie,Chrisp,Female,4017954566512456,6259.38,2023-01-28 23:24:30,2022-05-05 11:28:25
61,Leigh,Wellesley,Female,4881267533186335,728.04,2022-12-19 20:17:37,2022-04-01 04:24:25
62,Brittne,Walthall,Female,4382857622192931,8704.45,2022-12-29 18:27:47,2022-10-08 20:22:35
63,Hunt,Syms,Male,4041371086787171,6800.56,2022-06-11 23:55:01,2022-04-06 16:48:54
64,Christoph,Schule,Male,5100143224009544,1863.61,2023-05-09 11:17:56,2022-09-29 17:20:40
65,Morty,MacNeachtain,Male,4576398399682818,2463.72,2022-12-21 19:43:18,2022-09-05 21:30:47
66,Gaye,Duffield,Female,5489496431186724,7539.7,2023-04-18 09:19:11,2023-05-08 13:27:36
67,Lazar,Moxon,Male,4017959326785425,5828.71,2023-03-28 01:20:17,2022-01-11 06:38:31
68,Elizabet,Speck,Female,5166006337247585,9651.43,2023-02-12 10:42:33,2022-08-13 18:49:56
69,Florella,Gherardesci,Female,5048371873026833,7189.17,2022-10-24 02:19:39,2023-03-19 03:49:54
70,Corena,Pearlman,Female,4041373504241096,2552.75,2022-03-30 18:08:50,2023-01-02 17:02:34
71,Natasha,Foggarty,Female,5100172441718991,5622.26,2023-05-18 20:23:38,2022-07-03 02:27:48
72,Ebeneser,Bille,Male,5002352010764290,4871.05,2023-03-29 17:54:06,2022-10-22 00:13:43
73,Roda,Willows,Female,5434030483533842,2236.33,2022-10-02 20:23:36,2023-02-14 07:14:28
74,Wanids,Ogelbe,Female,5048372825697952,8779.25,2022-04-09 03:11:39,2022-10-10 22:52:52
75,Lilah,Wootton,Genderfluid,4017951442694862,9224.23,2022-04-22 15:34:10,2022-03-31 13:44:28
76,Shandeigh,Najara,Female,4017951495860,3563.99,2023-02-04 19:20:02,2022-07-19 07:10:59
77,Gris,Reeder,Male,5100148595193447,6322.24,2022-03-30 08:39:39,2023-02-01 09:48:32
78,Anitra,Varran,Female,4017958767223938,2478.15,2022-06-04 00:12:07,2022-08-09 05:45:12
79,Gonzales,Mapam,Male,4041596823674,7165.14,2022-08-14 23:43:53,2022-07-27 12:39:57
80,Boot,Egell,Male,4041596557405,2113.42,2022-09-12 13:54:18,2023-01-04 12:53:50
81,Rosetta,Donizeau,Female,5048376826572494,5693.52,2022-09-03 08:05:33,2022-12-25 14:05:52
82,Ellene,Probets,Female,5381565851512723,5892.31,2023-01-13 17:38:56,2022-10-04 14:51:07
83,Gerrie,Speight,Female,4041590061888916,851.85,2022-11-11 10:52:31,2022-02-02 13:00:38
84,Brok,Golda,Male,5100148105757277,138.04,2022-08-21 03:47:02,2022-01-10 18:57:02
85,Antonietta,Mussington,Female,5258024262627217,6394.86,2023-04-09 11:26:29,2023-01-06 04:36:01
86,Jeffrey,Grafton-Herbert,Agender,4017958844060,5792.26,2022-03-19 19:25:07,2023-02-15 00:59:26
87,Shelden,Sparway,Male,4017954191896,6587.32,2022-08-24 19:30:42,2023-03-12 15:52:55
88,Caryl,Gudgeon,Male,4017951081976539,8380.34,2022-02-04 13:15:25,2022-05-31 16:15:48
89,Boycie,Brennans,Male,5100174420523459,2461.82,2022-10-06 20:58:04,2022-03-15 20:16:59
90,Clevey,Loos,Non-binary,4041376411161,874.27,2022-03-06 11:47:26,2022-12-14 22:15:49
91,Andie,Bonnier,Male,4041598133783,9297.1,2023-04-25 13:07:35,2022-11-15 00:17:44
92,Dane,Beentjes,Male,5002357271624844,5952.44,2023-02-19 05:46:29,2022-02-22 16:31:04
93,Creighton,Whordley,Male,5237030747216928,376.48,2022-07-20 22:37:18,2022-12-08 03:20:06
94,Jules,Kirkhouse,Male,5100176762724959,3184.45,2022-09-27 01:14:16,2022-04-08 17:02:45
95,Nadya,Della Scala,Female,4041595914797,6227.69,2023-02-19 10:17:52,2023-03-03 07:56:49
96,Roosevelt,L'oiseau,Male,4041595386608345,2046.17,2022-11-09 07:35:03,2022-09-30 22:21:04
97,Cosmo,Mattheeuw,Male,5427702947681156,5406.65,2022-03-28 01:57:06,2022-12-29 00:21:03
98,Andra,Burger,Female,4041598389347820,4872.64,2022-03-28 10:36:59,2022-05-29 22:54:05
99,Jourdan,Ausher,Female,5007669882853546,9693.0,2023-03-10 19:28:52,2022-01-03 21:52:07
100,Lauren,Wheatland,Male,5010122645794982,4831.47,2022-12-06 13:40:48,2023-02-02 00:44:32
101,Mychal,Crilly,Male,4041590248142,5275.03,2022-01-11 06:15:29,2022-11-18 07:45:05
102,Salim,Lancetter,Male,4041379048028,7773.35,2023-06-07 05:47:21,2022-01-02 03:15:36
103,Abeu,Pierce,Male,4041595014960,5959.42,2022-06-24 09:19:57,2023-03-25 02:25:26
104,Magdalena,Rothera,Female,5002352134736851,6044.75,2022-02-18 05:05:02,2022-06-04 17:41:14
105,Kelsey,Connaughton,Female,5170622652675525,6127.88,2022-02-23 20:44:28,2022-04-12 11:04:53
106,Vance,Harling,Male,5100144396350740,9631.44,2023-03-11 11:53:59,2022-12-14 09:21:46
107,Delmor,Simla,Male,5340827203591619,6714.52,2022-04-04 11:38:36,2022-12-11 01:58:33
108,Waite,Barczewski,Male,4041596141945,8383.76,2022-09-21 05:55:46,2023-01-26 21:27:08
109,Rafe,Vassay,Male,5100179625769377,8853.49,2022-07-11 12:36:32,2022-02-24 04:26:51
110,Boniface,Tresvina,Male,5010126426973681,6078.76,2022-12-16 03:59:46,2022-12-29 00:52:48
111,Algernon,Ramas,Male,5566982640559690,757.66,2023-01-09 15:26:02,2023-04-07 15:58:09
112,Nial,Redholes,Male,4041378239536652,5123.7,2023-03-12 08:34:20,2022-04-15 01:30:40
113,Ernie,Ceresa,Male,4138194789748496,6319.82,2022-02-12 01:48:26,2022-12-16 14:23:02
114,Lee,Burwood,Bigender,5134982924926030,3238.1,2022-04-22 16:37:01,2022-12-14 07:56:01
115,Anestassia,McCerery,Female,5007663224208691,6702.97,2023-02-18 11:09:07,2022-03-04 23:48:32
116,Godfrey,Gethouse,Male,4667827725237,8369.8,2022-03-31 16:37:58,2023-01-31 22:48:43
117,Clemmie,Elliston,Non-binary,5409531154748107,6068.63,2022-10-10 13:31:47,2022-02-14 04:32:53
118,Erminie,Corradini,Female,4749617532823,8671.7,2023-05-20 17:09:52,2023-05-15 10:14:40
119,Lovell,Dudeney,Male,5556347247796602,9065.75,2022-05-28 04:31:41,2022-08-15 01:32:49
120,Marilee,Issard,Polygender,5395157905010583,1269.9,2023-04-07 02:13:55,2022-11-26 03:22:29
121,Tammy,Ivimey,Agender,5100137559743248,5164.52,2023-03-22 03:31:54,2023-05-25 01:15:13
122,Kliment,Abdy,Male,5201710879197853,9297.33,2022-02-05 22:42:19,2022-12-13 22:55:50
123,Olimpia,Atwood,Female,4041599367331,6659.5,2023-06-20 21:13:20,2023-04-30 18:33:01
124,Jania,Stean,Female,5475800072213331,9747.66,2022-08-01 04:05:40,2022-09-11 03:45:45
125,Adda,Bauduccio,Female,5279749764454083,2345.35,2022-07-07 20:01:54,2022-06-23 19:20:28
126,Roma,Pere,Male,5010127529320507,7675.23,2022-01-28 04:40:55,2023-06-10 05:33:10
127,Filide,Duddin,Female,4266112276996,8826.7,2022-12-01 18:11:16,2023-01-30 13:10:42
128,Meredeth,Tudhope,Male,5007660127390121,6503.19,2022-03-01 00:16:28,2022-11-29 00:23:02
129,Elfreda,Lent,Female,4041594767899,7364.34,2023-01-28 09:38:15,2022-10-21 02:35:43
130,Cacilie,Boomes,Female,4041370048639223,2706.64,2022-01-03 02:18:23,2023-05-19 21:11:15
131,Audry,Gierck,Female,4041376639072286,2375.76,2022-04-09 00:11:35,2022-09-03 14:46:26
132,Gerty,Dikelin,Female,4041376818159,6543.34,2022-12-06 01:39:22,2023-01-12 17:28:48
133,Querida,Westmacott,Female,5354541176499204,4455.85,2022-04-08 07:07:38,2023-03-30 02:32:04
134,Aldric,Ingarfill,Male,4789176429087031,7971.39,2022-07-11 08:30:24,2022-12-11 08:13:30
135,Loise,Leftwich,Female,5265273195193919,5690.5,2022-04-15 15:08:24,2022-11-11 07:02:03
136,Forrester,Gatlin,Agender,5002357812444876,597.69,2022-01-22 06:09:11,2022-03-24 10:50:19
137,Eula,Crennell,Polygender,5401863838717499,9586.05,2022-04-19 17:38:44,2022-09-18 07:11:33
138,Stewart,Gerbi,Male,4041591726435,1398.98,2022-01-31 13:26:45,2022-09-28 22:35:32
139,Jan,Legier,Male,5100171876310290,5706.93,2022-03-09 09:52:27,2022-08-20 01:02:29
140,Kerrie,Bambery,Female,4041374677670426,6578.99,2022-06-28 19:05:58,2022-03-23 11:47:49
141,Erwin,Melmeth,Male,4041373778587174,7300.62,2023-06-20 14:31:29,2023-01-10 11:27:43
142,Gertrude,Jeays,Female,4041594341052319,7466.02,2022-11-06 23:15:30,2023-05-27 09:00:08
143,Ewell,Stonary,Male,4456200818429463,8268.49,2022-09-14 01:58:22,2022-08-31 08:20:51
144,Iormina,Bukowski,Female,4017951888910350,6689.91,2022-02-02 16:27:14,2022-12-07 02:43:24
145,Powell,Hammell,Male,5311057446574884,1146.58,2023-04-20 09:17:39,2023-05-22 08:12:03
146,Garrek,Vasiliu,Male,5007661782539903,4513.0,2022-01-13 01:26:24,2022-04-04 18:08:46
147,Allin,Fessier,Male,4041590127008699,3348.85,2023-01-07 10:25:40,2022-10-06 06:13:22
148,Axel,Amorts,Male,4041372943308,7293.05,2023-05-18 23:36:42,2022-01-14 00:18:30
149,Essie,Spatoni,Female,5010127578412098,9987.4,2022-05-07 16:57:19,2023-03-31 07:28:41
150,Rhona,Sander,Female,4041379199198020,6868.2,2023-02-10 23:49:45,2022-10-20 00:13:24
151,Gustave,Kelshaw,Male,5100145214486921,1638.59,2022-07-16 19:42:13,2023-01-04 02:09:41
152,Hermy,Brydone,Male,5479997112731557,9473.25,2022-07-29 21:17:39,2023-05-26 08:23:20
153,Evin,Gregs,Male,4017956073275170,480.52,2022-07-19 12:20:31,2023-04-09 11:25:55
154,Hoebart,Sage,Male,4041376195823320,6940.76,2023-02-17 10:56:27,2022-11-09 09:33:38
155,Keslie,Basini-Gazzi,Female,5108752175416193,865.86,2022-04-18 15:23:07,2022-11-30 17:14:44
156,Bear,Deas,Male,5002358546196584,4452.68,2022-12-06 13:13:58,2022-12-01 01:01:12
157,Corny,Treker,Male,4041590063749,5333.79,2023-06-02 13:59:18,2022-06-06 08:37:59
158,Bartholemy,Gorler,Male,4851291736751,2790.83,2022-04-18 11:02:47,2022-01-04 03:28:46
159,Burnard,Bish,Male,5320849646704439,9172.21,2022-03-24 16:57:42,2022-05-23 20:51:37
160,Killie,Skayman,Male,4041379637968075,6828.66,2022-11-24 19:25:14,2022-02-02 01:24:52
161,Lilia,Brisco,Female,5007667943345916,7821.47,2022-04-30 01:56:28,2022-10-14 12:37:46
162,Padgett,Tarling,Male,5010122074730499,7236.43,2022-04-16 10:54:02,2023-01-12 20:21:41
163,Tabbi,Hachette,Female,4017954700993000,2574.12,2023-04-24 21:36:28,2023-03-12 10:07:45
164,Kenton,Michelmore,Male,4017952271375383,7554.71,2023-05-11 02:09:36,2023-03-06 00:40:02
165,Addie,Busfield,Male,5580900775680356,4163.09,2022-06-28 01:41:29,2022-07-28 06:43:29
166,Susanetta,Langstrath,Female,5010129577949070,5522.27,2023-01-26 10:00:09,2023-02-27 04:09:19
167,Dolph,Batchelour,Male,5100174214835242,7622.77,2023-02-03 16:43:31,2022-05-13 11:23:21
168,Corena,Nys,Female,5007664891804994,493.91,2023-02-07 03:56:41,2022-04-26 05:38:13
169,Romeo,Heaslip,Male,4041593763426829,7662.8,2023-03-19 07:19:47,2023-04-17 12:17:17
170,Burke,Penke,Male,5100146412727124,2267.22,2023-04-06 14:00:09,2022-03-26 17:40:02
171,Tilda,Bukowski,Female,5100142436417420,2032.89,2022-10-08 11:26:44,2022-01-28 11:48:07
172,Rudd,Lamort,Male,5152878357044357,122.44,2022-12-29 02:50:45,2023-02-02 03:41:55
173,Evangelin,Pleasance,Female,4560816030380,9334.49,2022-02-08 23:29:46,2022-09-16 00:17:45
174,Malvina,Islep,Female,5048373608449405,6570.03,2022-12-14 14:28:07,2022-11-07 06:51:06
175,Ed,Ladewig,Male,5405127172680846,8612.04,2022-02-15 11:48:12,2022-08-13 04:30:43
176,Stafani,Ericsson,Female,4017956537622561,1354.45,2023-02-06 06:46:18,2022-09-05 04:46:16
177,Winnie,Ruby,Male,4542845500401,8483.89,2022-02-04 20:35:43,2022-03-01 23:05:18
178,Valentino,Coghlin,Male,4105567573517,8304.65,2022-09-01 03:11:48,2022-07-01 03:27:00
179,Franchot,Millson,Male,5100148759322204,5222.83,2022-05-26 11:42:13,2022-10-04 08:31:50
180,Justen,Mathiot,Male,4041593752161908,2570.58,2023-04-08 21:36:18,2022-06-30 19:09:20
181,Dalis,Barca,Male,4041596101030,8777.16,2022-10-30 15:57:05,2022-12-04 08:45:09
182,Herc,Kerr,Bigender,4041378231529861,6860.33,2022-03-07 16:44:25,2022-05-01 22:32:58
183,Rich,Forrester,Male,5108754761359266,5838.55,2022-12-21 16:08:02,2022-01-12 15:12:43
184,Barn,McIlmurray,Male,4017959860933,2730.69,2022-04-19 13:34:31,2022-11-23 20:47:05
185,Feodora,Levesque,Female,5114191381371953,1736.77,2022-09-19 06:28:44,2022-11-11 03:28:22
186,Lani,Stump,Female,5143631879812500,8043.98,2022-06-20 13:24:24,2023-04-19 20:48:28
187,Waylon,Pasby,Male,4309014080155659,1875.07,2023-05-18 23:37:03,2022-05-08 04:26:12
188,Leola,Dark,Female,4041371214230,8476.07,2023-06-06 19:39:17,2022-09-28 04:59:20
189,Hayes,Ebbing,Male,5002350864794280,7414.03,2023-05-30 17:17:39,2022-06-04 23:32:55
190,Lydia,Giovannetti,Female,4017958041205420,8357.9,2022-03-14 11:14:54,2023-01-15 05:22:00
191,Jud,Barnett,Male,5168028621470887,460.79,2022-11-06 07:49:34,2022-07-23 10:30:35
192,Adria,Hawkslee,Female,5007667435317068,6043.27,2023-03-05 17:07:30,2022-05-12 13:42:59
193,Pattie,Eadmead,Male,5007664835213971,4613.83,2022-10-03 10:12:03,2023-02-01 20:28:11
194,Worthy,Petkovic,Male,5100177169813106,6992.39,2022-07-05 11:55:40,2022-01-10 09:44:13
195,Baron,Blenkinsopp,Male,5007663017761823,6235.96,2022-05-31 17:45:54,2022-09-09 23:54:46
196,Aveline,Sporrij,Female,5108753417406356,8120.4,2022-08-26 23:11:00,2022-02-01 06:29:32
197,Piggy,Downie,Male,5002358920269411,3208.91,2022-07-24 09:09:38,2022-11-03 10:51:09
198,Merrilee,Hugues,Female,5211289859068424,8134.01,2022-02-03 10:14:00,2023-01-03 03:24:19
199,Alexander,Kempson,Male,4862042072107,255.59,2022-08-02 04:39:04,2022-07-29 05:25:35
200,Cristabel,Fardy,Female,5357256294196726,1476.1,2023-02-19 00:09:33,2022-05-10 01:46:47
201,Joel,Northridge,Male,4041592698781,3355.4,2022-09-02 13:10:14,2023-03-04 15:19:51
202,Frans,Matzke,Male,4948175688387,9734.39,2022-04-25 14:42:09,2023-03-27 10:23:45
203,Bette,Hallstone,Non-binary,5010127841514498,9370.54,2023-02-19 09:12:18,2022-04-16 06:45:06
204,Myrilla,Gurwood,Female,4041599404761,1029.67,2023-04-09 20:37:13,2022-06-22 06:38:24
205,Brigida,Josskovitz,Female,5108752783363522,5239.81,2022-06-08 02:39:22,2023-01-15 20:47:00
206,Leyla,Wolver,Female,4041371746785,1154.81,2022-12-12 22:14:35,2022-07-24 08:05:08
207,Ichabod,Kezor,Male,4071066273015021,6784.44,2023-02-22 23:32:11,2022-03-09 07:03:35
208,Dietrich,Shattock,Male,4017958665036,9553.99,2022-04-03 02:17:11,2023-05-02 23:09:49
209,Nancey,Pagon,Female,5100175876198589,2836.4,2022-06-30 07:58:42,2022-01-13 17:08:57
210,Ferdinanda,Von Helmholtz,Polygender,5100138515790141,2165.67,2022-02-19 21:40:05,2022-04-16 09:34:53
211,Uta,O'Hoey,Female,4041591969969,6080.62,2022-10-27 08:52:17,2023-05-17 09:32:29
212,Tomlin,Norwell,Male,4017958533544203,6904.53,2022-04-22 11:59:54,2023-02-01 11:01:48
213,Elly,Dulson,Female,4041374242728840,4307.92,2022-03-12 20:54:10,2022-12-12 04:36:44
214,Roderigo,Cowdroy,Male,5010126920194180,3832.17,2022-10-29 21:31:33,2023-05-18 10:13:11
215,Nels,Mucklestone,Male,4041593562361508,1830.61,2022-06-03 02:23:02,2023-04-01 03:03:44
216,Sharla,Coppo,Female,4820052801538290,7583.93,2022-10-19 20:18:38,2022-06-19 04:18:41
217,Aubert,Burr,Bigender,5108750891574535,2450.94,2022-08-30 03:11:05,2023-04-28 18:33:34
218,Angelica,Connors,Genderqueer,5185490803443604,5817.88,2022-09-10 21:46:26,2023-04-12 01:34:07
219,Eryn,Benton,Female,5002359413746089,3675.08,2022-06-22 16:53:45,2023-04-03 13:43:35
220,Yard,Apdell,Male,5048377362961042,1169.63,2023-05-25 23:40:08,2022-03-09 02:54:35
221,Ardelis,Kordt,Female,5100142270642455,1347.37,2023-03-20 22:01:17,2023-02-12 15:18:34
222,Leonardo,Coils,Male,4017959675182,8004.42,2022-12-19 09:11:12,2022-01-12 00:58:25
223,Robbie,Hagland,Male,5048373989582931,7925.89,2023-04-11 04:47:24,2022-11-13 11:50:13
224,Alastair,Jersh,Male,4891517156946037,6704.8,2022-08-13 02:31:29,2023-04-06 17:39:17
225,Terence,Van der Son,Polygender,5120363392130163,6125.94,2023-02-05 07:25:20,2023-05-19 08:08:49
226,Judon,Shackle,Male,4041379482318,5464.16,2023-02-18 12:09:29,2023-01-16 17:33:08
227,Rosmunda,Saffe,Female,4017954414961194,5973.17,2022-07-07 00:30:32,2022-05-26 23:49:36
228,Dorthea,Danson,Female,4041591190370719,1805.67,2022-05-10 09:44:09,2022-02-20 10:17:07
229,Hyacintha,Clive,Female,4106002115567,6626.49,2022-03-29 11:11:37,2022-11-28 18:38:21
230,Sheff,Bewshea,Male,4007449974469,2019.48,2023-03-24 23:00:39,2023-02-02 17:11:34
231,Goldina,Imorts,Female,4017953552341854,9870.46,2022-06-16 11:21:27,2022-01-09 22:44:13
232,Barry,Ramshay,Male,4887860281043,1593.16,2022-02-13 04:22:01,2022-02-11 12:52:30
233,Sydelle,Clace,Female,4923328847673036,6347.14,2022-11-22 21:50:20,2023-02-20 05:45:35
234,Linus,Ferrey,Male,5108756469206749,3786.43,2022-03-23 02:09:12,2022-03-13 15:15:18
235,Abbott,Rosoman,Male,4041377299507090,8831.41,2023-04-02 04:02:11,2023-02-03 07:37:57
236,Siegfried,Champken,Male,5210571661551015,7284.45,2022-02-02 13:58:19,2023-05-24 21:07:45
237,Pippo,Gilderoy,Male,5048377613595938,3355.13,2022-04-02 23:55:38,2022-04-24 17:14:39
238,Sampson,Seddon,Male,4388634897925624,1684.35,2022-12-27 15:03:14,2022-12-03 20:36:01
239,Padget,Bail,Male,5108751812013355,4114.79,2022-11-19 00:56:25,2023-06-07 02:29:49
240,Rudolfo,Bateman,Male,4041593753833,4943.4,2022-09-28 10:06:48,2022-11-03 06:42:03
241,Dayle,Capun,Female,4041599134632,1162.59,2022-06-26 04:29:30,2022-04-08 03:58:25
242,Dun,Peaple,Male,4041373942572,6467.95,2022-03-13 06:05:24,2022-09-13 09:22:26
243,Urbanus,Gobert,Male,4041596668723,444.87,2022-02-04 03:23:38,2022-07-03 22:21:49
244,Consuelo,Walklott,Female,4041592512719,6772.92,2022-11-27 15:58:07,2022-05-02 06:14:22
245,Fancie,Hatter,Female,4017955849949993,9890.11,2022-05-19 17:45:50,2022-09-03 15:42:08
246,Dorian,Escudier,Male,4017958818791,9373.16,2023-03-07 01:26:14,2023-02-26 06:05:21
247,Tad,Selway,Male,5594082827404483,7657.61,2022-07-11 00:52:10,2022-06-15 05:34:11
248,Gasper,Hacker,Male,4712110448087,8400.45,2022-09-11 18:28:36,2022-11-19 14:58:12
249,Dunn,Caughte,Genderfluid,5007666610179228,918.08,2022-05-13 21:35:32,2022-11-11 03:39:19
250,Augusto,Hanretty,Male,4041377419374520,4985.34,2023-03-12 16:35:17,2022-01-24 23:26:31
251,Fedora,Torbet,Female,4328951839589,1879.69,2023-02-25 12:47:22,2022-04-26 16:27:54
252,Blaire,Flohard,Female,4041598244234,5432.42,2022-01-08 16:55:31,2023-06-18 01:25:08
253,Corbet,Pietrzak,Male,4041598025427,4225.46,2023-02-28 09:15:04,2022-11-10 10:00:52
254,Margaret,Copnell,Female,4017959561267,5683.98,2022-11-28 14:22:20,2022-09-01 01:44:27
255,Merrile,Andrini,Female,5100131298479172,5564.43,2022-11-15 08:01:47,2022-05-06 18:58:09
256,Kalvin,Gold,Bigender,5010121138058343,7557.26,2022-04-08 06:53:48,2022-06-18 15:21:03
257,Fidel,Snellman,Male,5010120720165904,7944.56,2023-01-27 08:24:35,2022-11-23 23:46:36
258,Edyth,Hanford,Female,5140192325960586,3004.53,2023-03-11 02:25:57,2022-08-16 00:38:29
259,Towny,Callander,Male,5048371270787110,6938.58,2023-03-26 17:46:11,2023-06-06 12:44:41
260,Pansie,Betonia,Female,5108750772616231,8728.52,2022-06-28 02:38:51,2022-02-17 20:56:03
261,Gabby,Bacop,Male,5048378599071464,4390.39,2022-11-13 12:54:43,2023-01-25 01:03:24
262,Averill,Fairtlough,Male,4017957656366,7389.39,2022-12-06 07:34:04,2023-06-21 00:16:48
263,Izzy,Stivey,Male,4041592151226700,9768.84,2022-12-30 04:09:19,2022-01-27 03:33:08
264,Marrissa,Cominetti,Female,4041373813732,7851.39,2023-04-14 10:42:32,2022-03-27 13:29:00
265,Herschel,Doughill,Male,5401938149405461,1071.9,2022-04-19 17:24:12,2022-04-07 12:11:20
266,Carlo,Davion,Male,4075642876277766,9218.94,2022-03-23 01:16:40,2022-11-10 19:18:52
267,Tova,Cretney,Female,5100172574461120,8713.82,2022-03-26 10:52:45,2023-04-15 00:03:24
268,Elysee,Allom,Polygender,5002354547276756,9955.97,2022-03-11 14:20:20,2022-04-12 00:48:30
269,Gertrude,Eliet,Female,5002350635113695,1309.97,2023-06-15 20:40:07,2023-06-09 20:16:50
270,Jenelle,Liversedge,Non-binary,4041593782565995,5572.46,2022-06-21 15:49:40,2022-01-04 02:30:05
271,Yancey,Iacomelli,Male,4041374420443097,8705.81,2023-01-10 19:17:25,2023-02-12 07:57:40
272,Glenn,Mesnard,Male,4017950470089169,8979.58,2022-09-01 08:08:31,2022-12-13 16:56:36
273,Yolande,Grent,Agender,5007664373372734,7697.33,2023-01-20 03:15:32,2023-01-17 07:17:33
274,Corabel,Faull,Female,4524946979109413,2549.17,2022-12-11 14:06:39,2022-06-05 01:09:15
275,Noreen,Branthwaite,Female,4699444062367303,9930.67,2022-01-22 20:33:40,2023-04-12 07:38:52
276,Gardy,Rohloff,Male,5002356321482716,9465.37,2023-05-28 01:50:18,2022-10-20 12:45:48
277,Anjela,Clissett,Female,4017959194830204,2859.37,2022-02-10 09:48:07,2022-07-24 05:57:01
278,Diena,Parker,Female,4041379884778,3753.16,2022-01-01 13:26:23,2022-02-11 05:47:47
279,Hewitt,Toal,Male,5048374475212447,9865.93,2022-02-26 14:46:49,2023-03-07 22:22:45
280,Sylvan,L' Estrange,Male,5283027212651368,5037.23,2023-06-16 03:27:52,2023-05-28 22:19:17
281,Hali,Winsiowiecki,Female,5238052284633108,4187.45,2023-03-04 04:36:09,2023-01-19 02:55:38
282,Ursula,Tregear,Female,4205058271611,7403.52,2022-09-29 01:24:58,2022-03-25 18:43:26
283,Sean,Firks,Female,4041590084903288,446.89,2022-09-06 18:19:32,2022-06-22 06:13:20
284,Lorena,Geggus,Polygender,5002350150731756,5525.08,2022-06-02 00:50:03,2022-04-20 23:46:04
285,Griff,Richfield,Male,4041596583435,7637.83,2022-11-11 10:30:42,2023-03-25 04:02:01
286,Vanya,Leguey,Male,4374593952570,6076.73,2022-11-12 11:48:54,2022-03-14 05:02:51
287,Aubrey,Dalloway,Non-binary,5002359441634117,5754.14,2023-04-11 18:42:58,2023-04-08 07:24:27
288,Sophey,Orman,Female,5403358408233504,9810.71,2022-02-09 12:39:48,2022-10-15 06:49:21
289,Gale,Haye,Female,4041379196079348,1515.06,2022-05-12 19:39:54,2023-03-28 12:22:02
290,Luther,Comerford,Male,4017951532621,6401.37,2023-05-07 20:58:06,2022-06-09 08:21:28
291,Pate,Geindre,Male,5108750946948700,1382.27,2022-03-02 00:27:43,2023-02-23 11:58:42
292,Noelani,Neylan,Female,4041597491296594,9748.59,2022-05-26 07:15:34,2022-11-25 13:22:53
293,Louis,Whiskerd,Male,5100135451846457,4959.89,2022-12-05 11:01:38,2022-04-27 08:51:31
294,Modestia,Casterton,Female,4365703916627722,319.24,2022-06-09 20:06:57,2022-01-12 10:33:41
295,Vinny,McAteer,Male,4041594404237450,8194.15,2023-02-28 18:49:21,2023-06-05 15:10:29
296,Hazlett,Baterip,Male,4041379177802841,6467.0,2022-12-24 20:47:08,2022-09-22 09:43:37
297,Doreen,Neve,Female,5002351752627202,3575.03,2022-05-14 06:23:01,2022-09-25 06:02:06
298,Filberto,Durrad,Male,5249324248665071,9357.46,2023-05-24 09:51:52,2022-07-31 10:54:37
299,Moina,Cordelle,Female,5007667488340041,4135.66,2022-09-24 08:56:03,2022-02-26 16:55:22
300,Lenee,Roughey,Agender,5100175162597700,4045.76,2023-03-22 11:18:35,2022-08-16 14:10:46
301,Smith,Laurent,Male,4041595237850,3838.84,2023-05-29 06:01:08,2022-10-11 15:04:52
302,Hermann,Deeble,Male,5511118946174506,6290.61,2022-01-13 13:47:22,2022-01-11 11:10:08
303,Corella,Endrizzi,Female,5007663774829664,5557.49,2022-08-01 10:05:05,2022-05-10 21:27:30
304,Trefor,Scroggins,Male,5100175050901063,3176.91,2022-03-24 08:42:13,2022-12-19 01:14:24
305,Ulick,De Bellis,Male,4017950949273865,4841.1,2022-12-03 22:28:19,2022-08-09 21:54:40
306,Duane,Cranston,Male,4744006101198570,479.14,2023-05-04 01:42:50,2023-03-25 03:23:12
307,Margareta,Macey,Female,5100140768094064,7896.7,2022-08-27 08:00:02,2022-10-26 02:42:07
308,Ollie,Blagbrough,Female,4041371107675579,3221.67,2022-08-15 08:46:28,2022-11-21 11:56:34
309,Thaddus,Sharrock,Male,4813497368316821,8691.18,2022-08-22 16:45:04,2022-07-25 18:40:31
310,Henryetta,Murrhaupt,Female,5100139030343580,3672.62,2022-01-20 11:42:34,2022-07-17 14:03:33
311,Farleigh,Yakhin,Male,4041597199867563,9016.63,2022-11-19 06:04:53,2022-02-09 02:38:39
312,Electra,Tomczak,Female,4017956966051787,1459.31,2022-03-30 08:07:00,2022-04-01 22:30:46
313,Sigmund,Tschiersch,Male,4041371816485864,1986.81,2022-11-14 10:48:16,2022-11-14 16:06:51
314,Dickie,Matiasek,Male,5414485380877284,4446.18,2022-05-08 18:08:34,2022-12-30 15:51:05
315,Wait,Hulke,Male,4041374773846235,5238.62,2022-08-17 16:19:20,2022-07-25 15:11:20
316,Conant,Chateau,Male,5381579668666549,7121.22,2022-08-16 11:58:41,2022-08-31 08:06:08
317,Claudina,Joule,Female,5100145500481222,8216.59,2023-02-19 03:49:35,2022-08-31 11:45:01
318,Thorny,Grint,Male,5202578621527977,395.96,2022-01-14 03:34:17,2023-02-04 05:02:19
319,Alix,Coupland,Male,5108758145329119,628.41,2023-03-08 23:15:06,2022-06-10 21:53:22
320,Horace,Dalglish,Male,4041593896152,2691.17,2023-02-09 23:31:55,2022-12-09 20:21:12
321,Cordelia,Halbord,Female,4041375662414563,2903.35,2022-10-18 03:37:22,2023-04-07 03:58:18
322,Gram,Goodship,Male,4041370740407002,2158.18,2023-05-13 19:35:04,2022-01-29 02:01:36
323,Randi,Shevill,Male,4041595073479,2071.15,2022-02-07 05:36:46,2023-01-28 06:28:14
324,Jemmie,Rowsell,Female,5428625276400980,5337.16,2022-01-05 09:25:46,2023-05-27 20:25:30
325,Sena,Kuhne,Female,5100136386574610,3140.98,2023-03-18 05:50:14,2022-01-08 03:45:01
326,Mersey,Olek,Female,4017953826294,7541.51,2023-01-13 03:19:00,2022-12-20 04:21:32
327,Emyle,Bettleson,Female,4041590411591,5707.22,2022-11-15 07:18:46,2022-05-24 05:46:11
328,Nikola,Giacaponi,Genderfluid,5296036639968987,5850.22,2022-03-05 22:12:56,2023-05-10 15:55:44
329,Carolin,Slocum,Female,4041377749773235,2265.9,2022-08-18 16:43:54,2022-06-23 05:44:11
330,Ellette,Tennewell,Female,4041376668719278,926.65,2022-04-17 18:38:47,2022-04-12 20:54:45
331,Hamlin,Lorant,Male,4017952691318583,9560.55,2022-03-01 00:53:59,2022-08-18 15:55:08
332,Tully,Fuente,Genderqueer,5100147236593692,9621.33,2022-09-19 20:30:46,2022-06-05 05:36:47
333,Kerwinn,Aveline,Male,5100135690197233,5774.18,2023-05-12 09:37:41,2022-11-03 18:20:43
334,Carmela,Henrie,Female,5225109589608667,8296.62,2022-05-17 15:00:23,2022-03-08 20:37:33
335,Baxy,Covil,Male,5444867666558338,3385.53,2022-02-13 01:58:17,2023-04-08 09:21:15
336,Cher,Bedberry,Female,4041378462220,6817.3,2022-04-11 16:54:51,2022-07-29 08:29:40
337,Grazia,Maly,Female,5100138831690983,1441.27,2023-02-12 14:09:49,2022-07-25 15:33:27
338,August,Laffranconi,Male,4088188445390,5649.33,2022-11-11 21:23:09,2022-11-04 17:10:13
339,Forbes,Ezzell,Male,5100174983726960,3706.97,2022-12-17 13:25:19,2022-11-26 17:37:40
340,Valdemar,Youdell,Male,5100174504800807,3947.91,2023-03-12 14:13:40,2023-03-21 04:51:18
341,Marylynne,Squirrell,Female,4017958041645617,4636.44,2023-05-10 16:19:53,2023-04-07 14:56:05
342,Tracey,Tomasino,Male,5372081403709925,9981.48,2023-05-30 18:41:35,2023-01-28 12:31:36
343,Cairistiona,Popeley,Female,4247677830373767,9921.78,2023-01-18 11:08:10,2022-03-28 12:09:31
344,Tracy,Scoular,Male,5010124455927033,1553.56,2023-01-02 08:43:08,2022-11-25 15:53:50
345,Sven,Irvine,Male,4017959312661,2841.72,2022-10-17 20:03:42,2022-12-30 08:53:44
346,Janela,Attride,Female,5007668154679829,1182.02,2023-06-18 20:07:11,2023-03-28 03:42:07
347,Baryram,Kernes,Non-binary,4041599020235051,6385.54,2023-03-12 02:18:05,2022-03-18 02:06:21
348,Camey,Van der Daal,Male,4041599993731607,9684.48,2022-08-14 19:09:10,2023-03-05 21:25:55
349,Margery,Burrage,Female,5236367335455711,7220.57,2023-01-06 04:14:55,2022-10-17 17:23:31
350,Margery,Pursehouse,Female,5010123053399470,7663.18,2023-05-08 11:11:48,2022-11-06 13:28:57
351,Joann,Weagener,Female,5178059091406299,1428.68,2022-07-26 02:46:23,2022-04-27 10:49:20
352,Tonia,Stonhard,Female,4017954952628,1173.64,2023-02-04 07:27:46,2022-12-09 05:34:34
353,Lisetta,Gavozzi,Female,5007661021990651,4655.42,2022-03-11 18:05:22,2022-08-13 02:12:54
354,Cecelia,Tyler,Non-binary,4233185577256662,7529.14,2022-08-30 02:11:52,2022-03-03 20:48:21
355,Diane,Duester,Female,4041593505860,7855.38,2023-03-06 12:45:36,2022-03-01 04:16:08
356,Hetty,Venmore,Bigender,4017953594935689,6827.54,2023-02-26 09:15:29,2022-11-06 06:22:02
357,Amby,Stanlike,Male,5007668973724251,8542.39,2022-05-25 18:57:42,2022-09-24 15:00:24
358,Ulberto,Hardison,Male,5100131328445466,2526.7,2023-06-18 19:12:24,2023-03-03 20:34:17
359,Peterus,Colegate,Male,5002353741622773,1147.88,2023-01-06 00:36:28,2022-12-04 18:55:55
360,Manuel,Oxberry,Male,4017955382620100,1191.61,2022-02-15 08:05:52,2022-01-02 16:52:10
361,Lanny,Wennam,Male,5108754648476853,3956.93,2022-11-22 03:34:21,2022-06-18 09:43:36
362,Mead,Kops,Female,5260170085697881,1952.17,2022-04-24 00:25:45,2022-04-02 06:21:41
363,Trever,Wilding,Male,4017951657452386,6711.64,2022-01-19 08:36:58,2022-03-23 07:13:33
364,Gayle,Goosey,Female,5100130971958114,7833.25,2022-06-04 18:18:51,2023-05-21 14:25:12
365,Bessy,Speeding,Female,4041598481224,4330.72,2023-01-23 02:39:54,2022-09-28 17:14:56
366,Baillie,Dudgeon,Male,5494106251614282,9233.29,2022-05-23 15:16:37,2022-12-06 07:56:14
367,Georgy,Pilbury,Male,5010120540769133,3914.96,2022-03-13 18:53:40,2023-03-10 18:30:35
368,Meredeth,Bayless,Male,5224007359365610,7380.54,2023-05-12 17:55:49,2023-01-01 06:10:21
369,Winne,Hiley,Female,5464513538032939,6571.35,2022-01-23 01:38:50,2022-09-12 01:18:25
370,Spencer,Houchen,Male,4041379979978567,4817.13,2022-05-25 08:21:38,2022-08-23 00:58:01
371,Ansel,Newe,Male,5270728050345139,8999.46,2023-04-26 07:58:51,2023-04-23 18:59:40
372,Marv,Fardy,Male,4974764381838387,6663.77,2022-08-09 22:32:59,2023-01-06 13:14:10
373,Tarrah,Thickins,Female,4017952678324,3708.76,2022-09-22 09:46:09,2023-04-19 15:13:33
374,Rahal,Twallin,Female,4041591374289503,9502.84,2022-09-10 13:22:48,2022-10-16 18:17:30
375,Tymothy,Hurd,Non-binary,5283532682066393,8231.37,2023-05-06 19:38:46,2022-08-11 03:56:05
376,Melody,Suggate,Female,5401890513363976,7011.67,2023-01-30 07:00:11,2022-01-17 12:23:29
377,Gwenette,Exeter,Female,4313328198505,336.84,2023-04-10 09:54:41,2022-06-21 04:17:07
378,Codee,Suston,Female,5108754294832730,1283.89,2022-10-05 04:57:01,2022-10-16 07:16:04
379,Jaine,Skerrett,Female,5048371845182672,3479.83,2022-11-03 03:43:21,2022-01-07 19:16:50
380,Eadith,Ferrarotti,Female,4810314895432,208.52,2023-03-18 11:51:04,2022-05-22 00:39:22
381,Mikol,Kaspar,Male,4041371129180,9911.23,2023-06-20 12:54:40,2023-06-06 08:33:42
382,Goldina,Myring,Agender,4041591793215964,6457.0,2023-06-12 02:47:20,2022-09-20 01:34:06
383,Noach,Abthorpe,Agender,5568105982127995,3218.75,2022-09-27 18:33:12,2023-03-21 20:53:36
384,Kennie,Furst,Male,4017955851027,6299.97,2022-01-11 20:30:51,2023-04-01 17:02:57
385,Gilles,Yuryatin,Male,4041375115991779,7687.22,2022-09-27 15:05:47,2023-02-06 03:04:58
386,Rena,Dittson,Female,4041594551244,2017.36,2023-05-25 21:12:58,2023-05-07 01:17:51
387,Antonetta,Janton,Female,5100145368920865,1953.14,2023-06-13 10:17:10,2022-07-31 11:45:02
388,Carlin,MacArthur,Male,4017952688727812,4156.78,2022-10-20 04:09:52,2022-10-17 22:08:23
389,Conny,Dunkley,Male,5108752370711612,4596.82,2022-02-05 03:28:33,2022-09-06 14:50:51
390,Orsola,Delleschi,Polygender,5010126048520712,4554.48,2022-07-30 11:42:50,2022-11-27 09:01:57
391,Twyla,Hebbs,Genderqueer,5281430108283167,9960.18,2023-04-16 23:37:49,2022-05-22 02:22:29
392,Wang,Seamon,Male,4017958536070,3037.51,2023-05-21 15:00:47,2023-02-24 13:43:16
393,Baxy,Kilsby,Male,5002357715614286,5574.76,2022-09-01 05:56:26,2023-04-08 13:02:07
394,Ramsay,Knocker,Male,5010122161224752,7272.76,2023-03-25 17:06:15,2022-12-04 22:33:17
395,Ches,Mougin,Male,4041592395533390,3083.91,2022-03-28 08:44:39,2022-03-20 19:52:46
396,Guido,Haycraft,Male,5187201848843072,9012.57,2022-02-08 17:24:36,2023-04-03 03:30:19
397,Tressa,Janicijevic,Female,4017955907973786,323.14,2022-06-02 09:16:49,2022-05-15 04:28:13
398,Davon,De Dantesie,Male,5010129814730895,2077.89,2022-04-30 04:01:03,2022-10-31 15:49:14
399,Coleen,Schinetti,Female,5007669367342221,3499.7,2022-04-05 18:25:26,2022-03-26 14:25:03
400,Aguistin,Teeney,Male,5100130218755968,5849.35,2022-04-26 15:40:59,2022-02-28 01:13:22
401,Hollie,Fieller,Female,4614185005668396,8030.76,2023-05-04 01:55:54,2023-02-23 02:00:05
402,Francisco,Clapham,Male,5108753286940329,5930.13,2022-11-09 08:01:07,2023-03-02 10:32:53
403,Johannes,Server,Male,5329728298171140,8405.98,2023-01-22 05:37:38,2022-07-11 23:07:17
404,Tami,Calderonello,Female,5546015451715013,9171.31,2023-06-21 11:50:36,2022-05-19 12:42:56
405,Cos,Mathwin,Male,5002359366690763,4131.47,2022-01-03 23:37:06,2022-03-09 12:29:10
406,Nomi,Yegorkov,Female,5525958298398540,9529.71,2022-05-09 14:10:53,2023-04-04 05:22:15
407,Sherri,Raven,Female,4041378789523,763.69,2022-02-13 06:22:12,2022-01-30 05:10:31
408,Nap,McKag,Male,4041371937933800,8156.69,2022-03-29 01:40:06,2022-05-17 13:08:23
409,Lilian,Syms,Female,5010127022792665,1653.02,2022-09-02 15:39:28,2023-01-22 13:06:18
410,Thor,Hagan,Agender,5253090748651167,6786.64,2022-08-21 15:27:16,2022-06-26 18:39:39
411,Allistir,Pavyer,Male,5048373343555078,7996.0,2022-04-06 10:57:48,2022-02-06 20:09:03
412,Prudence,Tremaine,Female,4041375055977,4456.13,2022-07-01 07:11:52,2022-03-02 19:31:47
413,Lazaro,Gavey,Male,4041378971577674,5286.53,2022-03-24 13:32:45,2022-02-22 16:56:09
414,Aristotle,Spedroni,Male,4041377321187,1056.92,2022-06-23 02:38:15,2022-02-08 10:11:20
415,Rollie,Garrelts,Male,4214681679547,3058.6,2022-12-24 21:31:50,2022-01-20 14:07:37
416,Constanta,Teacy,Female,4017951106272377,2602.93,2023-05-30 07:50:34,2023-05-18 10:48:18
417,Padgett,Carbine,Male,5100139715089557,9699.54,2022-06-12 11:34:40,2022-11-22 15:42:27
418,Jerry,Aldwinckle,Female,5283296832700950,6110.04,2022-11-03 17:35:37,2023-04-21 20:34:20
419,Renie,Eacott,Female,4041375399813,7171.82,2023-04-02 12:31:51,2022-04-04 01:43:44
420,Elbertine,Brower,Female,4041590316337,9812.82,2022-06-03 08:00:49,2023-06-10 23:55:22
421,Towney,Bampkin,Agender,4017957488471,5759.24,2022-09-05 18:52:26,2023-06-05 07:07:21
422,Shane,Bannerman,Female,5007667724073810,5395.62,2023-01-18 15:34:47,2022-07-01 15:42:55
423,Tannie,Covotti,Male,4517335049229576,1406.89,2022-10-13 17:30:45,2022-11-09 04:19:37
424,Donelle,Bondar,Agender,4017954774477,6087.24,2022-08-03 13:54:28,2022-05-27 03:45:25
425,Laura,Mandry,Female,5010126101822336,2342.32,2022-01-21 21:43:51,2022-08-15 03:54:00
426,Timmie,Bratch,Female,5449492512575652,3038.05,2022-11-13 10:04:50,2022-09-02 17:41:17
427,Clerc,Ginnally,Male,4041370063691638,5908.42,2022-08-27 21:07:49,2022-10-23 14:00:36
428,Anselma,Lehmann,Female,5100137289683508,5109.09,2022-12-01 00:19:23,2022-02-11 22:01:34
429,Martina,Spender,Agender,5002358558294525,3634.32,2023-05-12 10:38:05,2022-10-30 21:01:12
430,Tyler,Ferrolli,Male,4763772462887046,3959.67,2022-05-28 07:57:40,2022-05-13 15:41:22
431,Clea,Dowding,Female,4017954043119495,1466.68,2023-02-27 06:38:03,2022-02-03 05:59:52
432,Artemas,Lapthorne,Male,5471423957020749,6075.72,2023-04-19 13:38:26,2022-05-30 04:58:57
433,Hetty,Tithacott,Female,5108752765619370,7174.36,2023-06-07 05:52:18,2022-09-25 08:41:00
434,Myrtle,Kanzler,Female,5119772941207939,3061.82,2022-05-07 17:51:27,2023-05-22 10:09:32
435,Devon,Woollcott,Female,5048379943774951,2384.52,2022-06-22 15:37:23,2022-04-02 23:53:48
436,Wandis,Allston,Female,5108759222931041,7856.49,2023-04-20 09:15:02,2022-03-26 10:38:38
437,Sophie,Guildford,Female,5002355909786647,2107.7,2022-07-21 06:04:09,2022-05-11 09:41:17
438,Alayne,Dyzart,Female,4232183479923787,6000.69,2022-04-18 23:45:47,2022-10-17 04:22:31
439,Constantin,Peskin,Male,5048378692316063,4570.16,2023-01-26 01:09:59,2022-09-18 11:19:07
440,Letty,McCarle,Female,5010123300841126,2413.68,2022-06-08 13:41:33,2022-05-07 05:51:44
441,Thoma,Pratty,Bigender,5388015522179786,8315.82,2022-06-03 17:03:55,2022-03-30 22:11:13
442,Minna,Revens,Female,5100142176216156,6897.31,2022-07-22 21:11:32,2022-05-25 06:12:45
443,Yankee,Frenchum,Male,4041373470999420,9726.73,2023-06-18 18:09:27,2022-05-29 14:48:03
444,Loren,Flanner,Genderfluid,4583869445099331,3705.09,2022-06-06 22:32:25,2023-05-12 02:40:33
445,Steve,Digance,Male,4041593554062585,9881.62,2023-05-17 16:10:10,2022-07-21 01:16:46
446,Aubrey,Chazelle,Female,5002354394825614,8218.65,2023-02-16 02:15:37,2022-10-29 09:05:49
447,Forest,Calleja,Male,5002351657713768,6461.17,2023-02-23 15:50:09,2022-08-12 23:35:17
448,Peadar,Bullan,Male,5435053657532597,1912.1,2022-05-03 19:46:48,2022-11-24 06:31:47
449,Aurore,Thaller,Female,4041373542836,5199.62,2022-03-19 11:50:28,2023-05-09 07:34:12
450,Foss,Chomiszewski,Male,5048370372998096,5261.7,2023-05-27 21:17:01,2022-08-15 19:15:10
451,Sibbie,Gallehock,Female,4041590980118668,216.83,2022-05-23 20:21:49,2022-12-31 03:51:28
452,Ambros,Ryley,Male,5416804253625562,663.71,2023-05-11 11:12:19,2022-12-11 09:20:55
453,Alanna,Paulson,Female,4041375913430251,941.06,2022-11-28 14:10:51,2022-12-11 11:05:13
454,Adriana,Wemes,Female,5379401893081770,8988.59,2023-02-05 12:44:38,2022-12-30 03:42:19
455,Tallia,Thorwarth,Genderfluid,4017952914421685,7117.19,2023-01-06 04:40:58,2022-12-25 08:26:53
456,Otes,Loxly,Male,5172341469684368,2981.66,2023-06-10 16:09:34,2022-01-07 23:38:44
457,Rosalind,Grabham,Female,5244040415275875,8362.37,2022-06-25 14:01:50,2022-07-11 10:17:51
458,Jerome,Tittershill,Male,4017950249801886,3875.73,2022-06-28 00:47:05,2022-12-26 21:15:23
459,Sibyl,Barsham,Agender,5010125941095756,7745.99,2023-05-24 10:31:54,2023-04-04 18:52:53
460,Linn,Huggon,Male,5048378144218701,5444.83,2023-05-18 20:17:17,2022-11-22 12:16:55
461,Nickolas,Syder,Male,4017951560157783,3057.42,2022-01-01 13:58:41,2023-04-03 08:29:45
462,Consalve,Conquest,Genderfluid,4041370248072,1317.73,2022-11-15 12:15:53,2023-04-04 09:02:09
463,Malia,Brozek,Female,5158680418648935,6607.52,2022-11-13 23:17:45,2022-09-21 12:31:41
464,Drusie,Vayro,Female,4041379288855,4354.68,2023-04-23 00:40:10,2022-11-14 19:42:34
465,Tarrance,Thoumasson,Male,5048376547892296,183.45,2022-07-16 12:26:40,2022-06-13 23:42:27
466,Ingar,Championnet,Male,5591508245783572,7836.86,2023-01-26 03:12:07,2023-01-10 15:33:53
467,Irene,Dachs,Female,5132430983953653,1720.98,2023-02-05 05:44:52,2022-10-15 00:44:47
468,Rich,Goodison,Male,5100173249205876,3665.54,2023-02-16 06:05:38,2022-08-03 12:27:34
469,Terry,Doumerc,Female,4718545591896,8666.15,2023-06-13 14:42:20,2022-02-21 09:46:56
470,Sindee,Cubitt,Female,5108757295210434,7517.23,2023-02-19 16:53:21,2022-09-05 12:45:37
471,Mickie,Bernhard,Polygender,4041376563107694,603.8,2023-05-23 17:29:51,2022-07-18 16:46:50
472,Purcell,Tolchar,Male,4041370757882,4348.12,2022-12-25 23:33:36,2022-04-28 04:26:26
473,Ive,Marzelo,Male,5108759502210983,8740.73,2022-04-26 12:58:22,2023-03-13 21:48:03
474,Abbie,Rumney,Female,4041373695907,7601.76,2022-11-27 18:52:36,2022-04-14 08:54:47
475,Shaw,Oles,Male,4017954185732,9560.21,2022-06-03 23:49:32,2023-05-15 17:59:32
476,Jaymie,Manders,Male,4951847151890618,1260.82,2022-10-06 06:12:10,2023-01-31 06:43:57
477,Maura,Terzza,Female,4017955731497267,9182.16,2022-01-22 01:12:32,2022-06-21 07:00:34
478,Sofia,Wilton,Female,4017951487206,582.44,2023-01-11 01:03:28,2022-08-15 15:35:42
479,Christian,Anton,Male,4041370450744,9908.52,2023-03-12 13:42:32,2023-03-08 22:01:09
480,Forester,Sebastian,Male,5048378056273314,7903.73,2022-07-17 19:31:34,2022-07-30 04:20:14
481,Inna,Reynish,Female,4017954470027,2408.7,2022-09-17 03:34:36,2022-01-30 23:24:31
482,Emmy,Sparey,Male,5288129214390469,9140.57,2022-04-30 03:21:07,2022-05-29 16:04:13
483,Myra,Jerg,Female,4628866766839,2913.77,2023-04-27 06:06:02,2022-06-10 20:16:25
484,Giana,Capstick,Female,5100144098663630,4708.63,2022-02-12 16:28:18,2022-05-10 05:59:51
485,Gerty,Hexham,Female,5541517708570914,6316.09,2023-05-04 14:24:29,2022-04-01 02:11:45
486,Genevra,Grandham,Female,4041596983726,7393.32,2023-05-03 21:30:38,2022-09-30 17:29:23
487,Hazel,Vedekhin,Female,5002351219950239,4687.83,2022-10-27 01:33:49,2023-02-15 05:26:02
488,Carl,Joscelyn,Male,4041370711723,2887.35,2022-11-25 12:35:38,2023-06-02 20:18:23
489,Isidor,Lankester,Male,4041599602049151,3101.28,2022-08-03 07:18:39,2022-04-11 02:10:07
490,Willem,Shackelton,Male,5007669935822282,3467.06,2022-10-31 16:34:23,2023-04-03 10:16:27
491,Ira,Comazzo,Non-binary,5048370157508409,7998.8,2022-01-04 05:31:42,2022-07-30 20:46:09
492,Dreddy,Peak,Female,4017952699551,4455.65,2022-09-03 15:34:49,2023-01-07 06:29:01
493,Tobin,Braid,Male,5108753881715555,732.87,2023-06-05 22:09:23,2022-01-18 08:32:50
494,Aimil,Simak,Female,4017955560164,6854.67,2022-04-25 05:09:30,2023-05-08 04:47:04
495,Torrie,Holywell,Female,5415730680268018,3462.59,2022-04-22 03:27:50,2023-06-16 06:33:50
496,Johannah,Pagan,Female,5002354636611376,9229.04,2023-02-24 14:34:26,2023-03-18 15:36:07
497,Guthry,Bougen,Male,5100141036862670,9968.43,2022-10-24 15:58:58,2022-07-08 01:37:30
498,Avictor,Hayller,Male,4017953530839,9247.17,2023-06-06 13:16:38,2022-02-20 18:36:30
499,Cull,Emmines,Male,4703901561242117,7994.4,2023-06-14 06:00:57,2023-02-24 11:03:22
500,Ileane,Sparhawk,Female,4041378472949695,1036.48,2022-01-27 05:32:08,2022-03-22 06:21:22
501,Mariann,Ackermann,Female,4017951847938,5999.48,2023-01-15 02:04:49,2022-09-20 12:00:25
502,Lila,Robson,Female,5518825236620203,5537.81,2022-11-17 11:22:57,2022-10-12 06:08:40
503,Daile,Whyatt,Female,5007665621406570,115.76,2022-07-27 23:05:38,2022-04-27 12:21:07
504,Lelia,Gilmour,Female,4232859491131,5508.48,2023-01-24 02:51:15,2022-03-24 13:21:12
505,Davida,Argente,Female,4017958148595,1279.56,2022-01-23 02:54:04,2022-11-03 11:35:48
506,Lorrin,Tapner,Female,4185561587986,8912.84,2023-05-31 06:20:40,2022-12-09 18:52:08
507,Ericka,Bidgood,Genderqueer,5273327156828267,6128.2,2023-05-13 14:47:54,2023-01-10 14:18:33
508,Tynan,Gryglewski,Male,4041370364596973,4691.86,2022-04-12 03:45:58,2022-02-17 07:18:56
509,Mae,Higford,Female,5007662245857361,8959.27,2022-03-08 11:37:17,2022-08-27 04:20:30
510,Louisa,Doohan,Genderfluid,4041375811530921,3122.6,2022-11-17 09:07:34,2022-04-25 17:16:48
511,Caryl,McEvilly,Female,4017959336520,4156.9,2023-06-01 19:03:52,2022-07-04 16:57:04
512,Worth,Sanzio,Male,4041378742905139,2666.54,2022-05-10 22:34:30,2022-12-09 12:34:35
513,Lolita,Ashbrook,Agender,5100173504407340,6672.99,2022-05-19 09:34:59,2022-10-01 14:22:09
514,Aube,Higginbottam,Male,5048371563263878,5582.69,2023-04-06 13:59:03,2022-05-26 14:35:01
515,Porter,Boat,Polygender,5010120228522960,8505.77,2023-01-02 07:42:46,2023-04-11 09:31:29
516,Norine,McGuigan,Female,4041592102860771,3407.81,2022-04-18 03:12:34,2022-02-25 15:35:00
517,Jocelyn,Rimes,Female,4487356409545,1885.85,2022-11-23 09:55:36,2022-09-25 22:07:50
518,Cecily,Undrell,Female,4041371848233779,3937.06,2023-03-03 07:40:11,2022-08-31 12:02:28
519,Erinn,Chevalier,Female,5585334805124885,6720.01,2022-04-01 05:57:01,2022-06-30 22:20:44
520,Honoria,Rookesby,Female,5010129711348205,199.32,2023-05-09 07:36:55,2022-03-08 05:43:45
521,Francklin,Dziwisz,Male,4041591399880187,7914.94,2022-03-16 20:05:24,2022-08-14 23:14:36
522,Udell,Rozier,Male,4418198824130629,3657.92,2022-04-17 13:47:09,2022-08-20 13:05:28
523,Denna,McCowan,Female,4041375861069,2741.04,2022-06-21 02:55:25,2022-03-15 00:03:15
524,Violette,Tattersfield,Female,4041595546238611,3085.73,2022-11-24 15:59:15,2022-07-15 05:27:53
525,Kizzee,Piwell,Female,5100148604681192,2224.11,2023-04-23 14:56:26,2022-08-25 00:03:17
526,Etienne,Ranner,Male,5100173784165386,5673.55,2022-05-03 16:02:26,2023-03-29 22:28:07
527,Cyrus,Lile,Male,5108754543748943,3071.45,2022-09-03 05:37:56,2022-04-05 23:13:07
528,Papageno,Ousby,Male,4041596546453580,7472.66,2023-03-17 04:45:03,2022-09-22 10:13:04
529,Rafa,Geane,Female,5010123696588505,2058.77,2023-03-02 23:06:42,2023-04-10 13:58:57
530,Hammad,Butland,Male,5002357864173472,8029.74,2023-05-25 03:35:11,2022-01-04 11:06:17
531,Myrta,Bernolet,Female,5453828169876708,1223.48,2022-11-12 05:06:11,2022-02-21 21:33:41
532,Iosep,Petr,Male,5454182521033833,6348.14,2022-03-31 15:29:13,2022-09-24 07:39:12
533,Daryn,Floyd,Female,5100140143549014,1210.36,2022-07-01 16:43:21,2022-02-24 13:11:39
534,Camella,Fosken,Female,5108755444481534,7834.78,2022-09-29 16:47:18,2022-11-30 14:15:41
535,Jermayne,Skegg,Male,5048377460242428,6241.15,2022-06-14 00:35:36,2022-05-22 02:06:16
536,Coralyn,Davidowsky,Female,4041596115600,3676.59,2022-08-02 08:11:54,2022-04-24 07:39:10
537,Pierre,Grigorkin,Male,4041597021551690,4108.42,2022-12-09 15:31:57,2023-02-07 00:44:25
538,Allene,Lambourne,Female,4017958405858129,1001.11,2022-03-16 03:47:15,2022-09-09 14:58:47
539,Arlena,Fumagall,Female,4041597054206022,306.11,2022-04-17 22:24:41,2023-02-14 19:51:39
540,Guendolen,Khomishin,Female,4041378924765,2848.37,2022-03-17 16:30:31,2023-02-09 10:31:08
541,Ruth,McMenemy,Female,4167514103582,2816.72,2022-03-04 21:31:43,2023-01-12 19:51:36
542,Cooper,Gon,Male,5010122916209314,4396.15,2022-02-11 02:58:29,2022-07-03 04:58:34
543,Salaidh,Garrettson,Female,5100174389958936,9360.0,2022-11-21 09:18:38,2022-05-08 18:46:18
544,Berkley,Rutherfoord,Male,4041379666571,8781.19,2022-06-22 18:18:53,2023-03-05 00:14:37
545,Yanaton,Reading,Male,4410435100741143,2856.2,2022-09-30 19:47:24,2023-05-31 17:53:01
546,Corrie,Luckcuck,Male,4017951982586,6968.02,2022-05-11 23:12:48,2023-03-25 06:28:50
547,Monro,Janew,Male,5048379144351708,7125.42,2023-03-29 09:41:39,2022-05-04 16:40:57
548,Bette,Chamberlin,Female,5346640275634975,3698.48,2022-06-03 06:40:45,2022-12-20 11:39:46
549,Noll,Cattle,Male,5010123699322167,5070.94,2022-09-17 09:39:52,2022-08-05 16:54:45
550,Mahalia,Jerrome,Female,5048377980564145,8696.4,2022-03-02 17:16:14,2022-06-16 10:20:49
551,Ahmed,Dani,Male,5479546265968944,3439.85,2023-01-11 06:11:32,2022-10-20 07:11:56
552,Demetre,Simcox,Male,5002359423487419,7773.43,2023-03-20 10:35:05,2022-06-10 14:38:06
553,Dougy,Cory,Male,4990557653453368,8458.25,2022-03-15 19:29:30,2022-04-20 15:36:19
554,Audie,Attrie,Genderqueer,4742094007096,6787.71,2022-10-21 10:15:55,2023-02-21 12:52:42
555,Latia,Cullip,Female,5377082526048212,3545.4,2022-10-26 13:26:55,2023-05-18 05:03:45
556,Zechariah,Manuely,Genderfluid,5575017288260399,7258.43,2022-02-02 00:09:44,2022-02-03 20:29:15
557,Oralia,Giffon,Female,5550254379604974,2091.4,2022-03-16 01:22:10,2023-04-19 20:15:39
558,Janeva,Katte,Female,4041592019377075,5360.69,2022-07-04 01:09:50,2023-03-04 20:45:41
559,Evin,Formby,Male,5002355362207388,1801.73,2023-06-08 21:47:37,2022-09-04 03:35:55
560,Fleming,Nutbeem,Male,5002357580431709,2613.15,2022-05-25 08:45:42,2023-03-13 09:16:36
561,Ring,Fulun,Male,4041375782703,190.53,2023-01-03 11:39:52,2022-11-20 06:46:49
562,Doralia,Cod,Female,5010123233367215,3993.51,2023-01-16 15:25:39,2023-05-27 00:32:33
563,Devan,Doohan,Female,4041592130397,569.66,2022-08-29 18:18:09,2022-10-28 09:33:46
564,Ugo,Matushenko,Male,5108756705467063,958.04,2022-03-19 05:08:33,2022-02-04 07:04:40
565,Chucho,Engledow,Male,5509125112558150,311.06,2022-08-25 22:09:13,2023-04-25 14:54:53
566,Devonna,Aspall,Female,4041372158344537,8532.53,2023-03-17 17:39:45,2022-01-07 00:38:56
567,Arthur,Russi,Male,4041595063405,3336.59,2023-02-03 14:41:46,2023-05-07 19:24:11
568,Dalia,Ebenezer,Female,4020733742880,9192.0,2023-04-13 16:53:40,2022-10-05 07:19:02
569,Leonelle,Eate,Female,5552665810784547,7397.59,2022-09-04 01:00:42,2022-08-02 07:30:07
570,Neala,Gwynn,Female,4216166366398338,5475.2,2022-08-19 23:59:05,2022-08-18 04:26:52
571,Pamelina,Rustman,Female,4358937119188715,5584.89,2022-01-23 13:28:16,2023-03-24 17:17:15
572,Garold,Farfalameev,Male,5100172911585821,1859.83,2022-05-26 09:24:24,2022-01-26 15:18:49
573,Maximo,Capineer,Male,5100175828613362,7132.67,2022-10-27 03:05:38,2023-02-06 22:41:53
574,Dare,Kryszka,Male,5007665061091403,9895.07,2023-03-30 00:58:19,2022-02-16 09:09:55
575,Tan,Boobier,Agender,5594561943240012,977.64,2023-04-14 13:52:57,2023-03-27 12:17:00
576,Kinsley,Boulton,Male,5140488039780405,6741.9,2023-02-17 23:58:08,2023-05-27 19:37:40
577,Patsy,Gambles,Male,4041378939051689,7639.1,2022-02-01 06:54:18,2022-03-28 03:20:38
578,Tonnie,Scrane,Male,5002352517839306,6720.57,2022-03-12 18:48:54,2023-02-27 19:56:30
579,Mercie,Dillon,Female,4041592458233805,2909.05,2022-01-06 00:56:53,2022-12-16 14:11:54
580,Dolph,Georgievski,Non-binary,4670255156545,1545.22,2022-02-08 02:00:16,2022-03-06 10:51:17
581,Verney,Husher,Male,5108750086167160,1030.99,2022-05-26 19:14:00,2023-05-20 06:03:53
582,Daven,Deners,Male,4041595387889159,8839.23,2022-08-05 05:06:57,2022-04-26 06:31:54
583,Dyana,Colwell,Female,5100179297182388,3423.23,2022-05-02 05:07:12,2022-04-22 01:55:00
584,Evonne,Stainfield,Non-binary,4096659571651,1967.86,2022-02-24 20:45:07,2023-01-28 11:37:13
585,Ricca,Duiged,Female,4775422807258,4323.27,2022-06-01 09:02:31,2023-04-28 23:35:33
586,Pyotr,Rackham,Male,5275558191158512,7869.0,2022-03-19 13:22:40,2023-02-15 05:57:41
587,Ethelbert,Overton,Male,5100145451861315,1910.4,2022-06-17 00:36:44,2023-06-05 14:03:34
588,Ailee,Adolthine,Female,5048377183153316,1385.12,2023-04-14 11:18:53,2022-09-04 08:14:42
589,Willabella,Rarity,Female,4017954159501353,4256.75,2023-04-19 22:38:24,2022-02-27 01:27:17
590,Uta,Kivelle,Female,4017953861143,7479.78,2023-01-05 09:39:59,2022-06-01 09:12:33
591,Adela,Assad,Female,5116025948204489,9547.46,2022-10-02 02:15:39,2022-08-04 04:47:01
592,Krysta,Gatward,Female,4017955028373767,8960.21,2022-10-29 02:30:07,2022-08-25 19:00:25
593,Blinny,Lumbers,Female,5100173813032474,7090.2,2022-04-30 04:58:49,2023-04-22 02:38:24
594,Ham,Pascoe,Male,5233521191984635,2426.05,2023-04-07 14:21:35,2022-10-24 05:03:14
595,Noe,Blamires,Male,4041371507872,436.9,2022-08-09 23:31:07,2022-11-10 22:31:08
596,Jase,Harriss,Male,5267886181827667,3542.36,2023-05-04 08:35:03,2022-02-08 03:44:07
597,Melonie,Priestley,Female,4236197448794,1016.71,2022-07-18 12:18:58,2022-03-02 14:12:39
598,Erika,Tarver,Female,4378309018288366,5818.24,2022-09-12 05:26:07,2023-06-07 08:48:20
599,Monti,Bonsall,Bigender,5510514736381015,4048.07,2022-07-17 16:31:26,2022-02-17 13:38:17
600,Rice,Carabet,Polygender,4041376908471,6122.85,2022-09-25 04:37:49,2023-04-24 22:36:47
601,Ely,Dwane,Male,5533365203425436,2424.84,2022-05-24 07:54:28,2023-03-23 02:04:36
602,Nanette,Clausius,Female,4041370738114,6904.6,2023-01-29 23:23:17,2023-03-17 13:33:06
603,Lorette,Georgeot,Female,5108758412900477,2142.57,2023-04-14 14:03:35,2022-02-03 04:31:01
604,Ernestus,Feldmesser,Male,5100177235353848,503.87,2023-01-30 04:53:46,2023-04-25 15:46:40
605,Sidney,Powlesland,Male,4041377523962400,1080.26,2022-08-04 01:21:38,2023-06-10 23:09:20
606,Nonna,Mundell,Female,5007660770426537,9702.94,2022-03-11 04:33:17,2022-06-19 00:42:07
607,Elga,Spridgeon,Female,4747634067252,9821.21,2023-04-05 23:38:24,2022-01-07 10:40:13
608,Cecily,Jamrowicz,Female,4568282927336,4041.47,2022-07-30 06:23:20,2022-10-14 03:39:05
609,Dory,Crop,Female,5108756430642535,552.44,2022-10-22 22:09:51,2022-01-22 08:52:16
610,Lamond,Basillon,Male,4041374936516,5607.93,2023-03-20 20:48:47,2022-04-09 09:25:36
611,Ivie,Kitchenham,Female,5383695323982614,2797.06,2023-01-18 04:21:58,2022-12-31 09:04:36
612,Solomon,Tarte,Agender,4017958212847,5537.23,2023-06-07 09:51:07,2022-06-18 13:29:43
613,Clementia,Egdal,Female,4041594036853963,6487.76,2022-06-01 00:37:10,2022-06-24 13:35:53
614,Zorine,Bedbury,Female,4041590092292,6031.84,2022-03-20 06:48:24,2022-05-28 00:01:42
615,Eyde,Moynham,Female,4017952859619,3818.62,2023-05-16 20:04:54,2022-07-05 13:17:02
616,Odette,Niland,Agender,4041591320926828,8352.16,2023-04-09 07:36:08,2022-03-28 12:41:40
617,Aidan,Alberti,Female,5100138941192318,6855.97,2022-01-18 03:51:32,2022-09-07 22:57:56
618,Blisse,D'Oyly,Female,5332396982430076,3573.2,2022-08-02 06:02:43,2022-01-07 17:03:44
619,Theressa,Benfell,Female,4078931688383434,4722.17,2023-06-01 00:36:15,2022-11-24 19:03:06
620,Marilee,Aberchirder,Female,5575246969555658,7527.84,2022-10-26 17:44:36,2022-04-04 21:40:39
621,Jenna,Runnalls,Female,5125207235421161,5017.05,2022-09-04 15:08:20,2023-04-11 14:27:02
622,Kirk,Moroney,Male,4017955214643577,9836.74,2022-07-30 16:10:23,2022-09-16 07:20:33
623,Neala,Desborough,Female,5002355966873999,5276.56,2022-01-22 11:49:30,2022-12-18 16:31:11
624,Patricia,Izac,Female,5010125769715758,838.18,2022-12-26 13:31:30,2022-09-22 15:57:35
625,Germayne,Whimpenny,Male,4041590070106466,8463.34,2022-05-19 01:04:36,2022-06-18 01:15:32
626,Hillie,Box,Male,4041594845166,9859.76,2023-04-11 08:16:28,2022-04-08 19:22:04
627,Rafa,McAvinchey,Female,5108757414497086,1880.23,2022-03-15 10:28:38,2022-10-24 13:06:40
628,Del,Rand,Male,4017950883865916,6311.0,2022-10-16 02:54:23,2022-03-22 19:08:32
629,Drucy,Litster,Female,4017953362332622,7841.69,2023-05-29 15:33:53,2023-01-30 18:26:32
630,Kimbra,Lintot,Female,5007668368548489,9645.67,2022-08-26 13:43:02,2023-05-09 23:30:36
631,Rab,Souley,Male,5455943285467551,3479.89,2022-06-04 04:59:07,2022-08-16 10:52:14
632,Vaughan,Doige,Genderqueer,5002356898678787,4161.18,2022-03-14 04:06:39,2022-11-12 01:55:10
633,Kimbra,Woodfin,Female,5108755334766259,3914.55,2023-01-19 17:05:44,2022-12-20 00:28:37
634,Templeton,Huortic,Male,5309780194554097,2128.16,2023-02-10 12:54:04,2022-05-20 11:39:56
635,Paulie,Pinxton,Male,5108753156889994,4549.29,2022-05-31 07:28:40,2023-05-29 03:02:25
636,Sarajane,Oulner,Female,5523549666113074,5736.33,2023-01-26 03:24:24,2022-06-06 05:22:41
637,Louis,Turgoose,Male,5010125469493144,4544.08,2022-10-05 05:13:21,2022-09-15 09:20:25
638,Rudiger,Lummis,Polygender,5048370657955910,1144.99,2022-04-25 12:33:43,2023-01-30 00:50:22
639,Trixie,Bucknall,Bigender,5007665568827119,9191.26,2023-05-24 01:13:45,2022-04-25 02:18:40
640,Linc,Cosans,Male,5100172914474866,585.47,2022-05-02 12:18:18,2022-03-14 18:24:48
641,Edithe,Gathercoal,Agender,4041370517186953,4836.15,2022-12-26 15:41:09,2023-04-02 12:41:45
642,Roselin,Croutear,Female,5100130882187712,2389.69,2022-09-18 07:22:42,2022-06-19 21:40:21
643,Cherish,Kliemke,Polygender,4041599850446281,7302.68,2022-08-04 03:38:56,2022-03-15 23:41:29
644,Teodora,Rodgman,Female,5007668186508848,828.54,2022-05-06 07:47:40,2022-02-04 17:32:26
645,Danyelle,Stack,Female,5002356406363880,9840.55,2022-04-17 22:16:53,2022-12-21 17:22:09
646,Brade,Leighfield,Male,5129211265727691,1515.45,2023-06-06 15:17:11,2023-02-17 00:09:46
647,Brodie,Kennsley,Male,4041379515632801,1401.14,2022-10-03 15:45:06,2023-02-12 14:27:05
648,Julienne,Titmuss,Female,5100140751362783,5689.35,2023-06-19 11:09:28,2022-11-05 03:23:06
649,Gwendolyn,Pavlov,Female,5570861477864098,152.31,2022-10-08 10:12:03,2023-05-04 15:36:03
650,Faye,Bosence,Female,5108758660892343,1979.17,2022-12-20 17:13:17,2022-05-16 12:22:35
651,Alvy,Toohey,Male,5002354243617675,6128.92,2023-04-21 09:21:10,2023-02-02 04:54:01
652,Benedicto,Rodliff,Genderqueer,4017955008142539,3336.24,2023-04-01 22:09:25,2023-05-18 09:48:42
653,Verene,Boshers,Female,4041376658384794,5546.82,2022-07-23 19:33:38,2022-12-08 03:40:44
654,Clay,Humberstone,Male,5010121151906881,9219.87,2022-06-17 08:16:15,2022-07-31 19:34:32
655,Evangeline,Berridge,Female,5315101691146471,1792.14,2023-05-06 19:23:35,2022-02-19 04:30:52
656,Scot,Weaben,Male,4041591900418501,3427.26,2022-07-02 13:57:38,2022-12-06 05:11:11
657,Esmeralda,Dowyer,Female,4142973005610,142.51,2023-03-01 01:30:31,2023-06-11 16:58:20
658,Marlo,Natt,Male,4041379090184574,6566.35,2022-01-04 21:23:00,2023-05-27 06:05:40
659,Oriana,Duffie,Female,5108753091665343,6155.3,2022-08-21 12:22:40,2022-04-18 01:54:08
660,Constance,Gyrgorwicx,Female,4017959664582,554.91,2022-02-21 09:44:51,2022-10-23 02:18:31
661,Mace,Hedden,Male,5185938969613642,2324.29,2023-04-13 19:16:17,2023-04-20 21:30:15
662,Emelia,Faye,Bigender,4041377928462139,5393.36,2023-01-17 16:51:14,2022-01-17 18:10:37
663,Ced,Valerio,Male,5100131738639211,9935.49,2022-05-08 05:22:09,2022-09-01 02:09:36
664,Keene,Michelotti,Male,4463958661378977,5071.04,2023-06-15 20:05:24,2022-07-09 06:52:47
665,Vito,Overy,Male,5002353865618540,3992.63,2023-05-18 21:34:20,2022-02-27 17:51:17
666,Peggy,Ostick,Female,5100145338211155,9251.43,2022-04-15 04:27:43,2022-11-15 16:06:43
667,Annabelle,McKeurton,Female,5100175629169010,7129.53,2023-03-25 18:41:43,2022-09-18 21:25:20
668,Farleigh,Dobbings,Male,5048372590607319,2588.97,2022-06-14 17:55:19,2022-04-29 21:12:52
669,Cortney,Hardeman,Female,5140632950043216,3239.26,2023-01-27 11:18:15,2022-10-06 15:14:10
670,Ernst,Wallwork,Male,5100130385523199,3107.24,2022-12-19 05:22:08,2023-01-16 01:20:01
671,Leighton,Issit,Bigender,4017959651712,9435.68,2022-01-23 14:33:07,2022-07-26 02:43:17
672,Ashely,Van Halen,Polygender,4017952060861,3603.2,2023-04-24 19:01:44,2022-09-21 18:11:26
673,Mufinella,Allsepp,Female,4041376885471,3294.46,2023-06-06 08:15:43,2022-03-28 10:52:00
674,Tailor,Tappin,Male,4041592457921038,2080.56,2023-04-02 11:40:13,2022-09-30 02:47:49
675,Abel,Burgott,Male,5277774155251742,4457.74,2022-02-07 14:59:34,2022-08-01 07:14:39
676,Olenka,Ertel,Female,4017959936337,5597.49,2022-09-17 10:33:31,2022-07-29 10:59:58
677,Luz,Duthy,Female,5369861789941977,3818.9,2023-02-15 01:27:58,2022-11-23 04:55:43
678,Iain,Bungey,Male,4542623233751870,3067.64,2022-03-29 14:17:07,2023-06-02 19:09:29
679,Lelia,Strange,Female,4017957388558383,6673.22,2023-03-09 16:04:56,2022-11-18 12:40:52
680,Mattie,Halgarth,Male,4265973630317,756.51,2023-02-27 14:25:02,2022-07-03 05:37:46
681,Teddie,Dablin,Female,4041599993029,8341.02,2023-02-21 09:45:53,2022-07-05 00:55:10
682,Amalita,Peppin,Female,5100135099679963,8452.8,2022-06-16 01:56:39,2023-01-18 14:56:18
683,Celeste,Kalberer,Female,4935957340712572,9324.4,2022-08-05 08:13:16,2022-12-03 13:03:36
684,Wilmer,Bickers,Male,4041592381050441,5916.22,2022-08-23 17:48:58,2022-06-13 00:38:22
685,Nadia,Crinidge,Female,4595162707928181,9977.21,2022-01-16 22:51:28,2023-05-03 02:41:58
686,Terence,Sandry,Male,4041379987456,3122.61,2023-05-14 11:38:45,2022-04-07 14:33:06
687,Berta,Sysland,Female,5108759183858670,5518.63,2022-04-19 15:14:10,2023-04-19 08:03:16
688,Jayson,Daintith,Male,5108750166454298,3193.64,2022-09-12 23:58:35,2023-01-11 20:41:54
689,Cindy,McKellen,Female,5100132767393316,2507.76,2022-12-19 20:56:06,2023-01-19 02:14:28
690,Zane,Cowill,Male,4041371682899,6735.07,2022-02-23 20:42:15,2022-10-30 12:34:46
691,Rae,Cordeux,Agender,4041375510229,5628.63,2022-02-05 11:00:32,2022-02-13 22:38:38
692,Erin,Barfoot,Female,4017958305641,3022.37,2022-01-28 00:03:50,2023-01-02 01:45:06
693,Laurette,Brittian,Female,4017951873322,4063.77,2022-08-20 00:59:55,2022-09-23 03:14:42
694,Gayle,Jewett,Male,5275557396471092,5731.16,2022-04-28 09:25:31,2022-05-29 18:42:58
695,Waldo,Morican,Male,4981334041230,5694.03,2022-07-01 07:36:28,2023-04-07 18:11:55
696,Carla,Tredger,Female,5007665674512274,5183.37,2022-06-03 07:10:24,2022-04-20 01:28:54
697,Loree,Elcoate,Female,4041591407341,9782.05,2022-09-09 16:41:57,2022-09-12 21:17:58
698,Culley,Simenel,Male,4851345948923,5838.59,2022-12-27 09:00:52,2022-06-24 12:42:48
699,Marcelia,Lortz,Female,5100146682199616,9197.55,2022-06-24 07:45:42,2023-02-18 16:54:24
700,Molly,Trank,Female,5007664357048706,829.93,2022-08-25 08:21:59,2023-03-28 09:38:15
701,Tracey,Veljes,Female,4041597062866080,5721.41,2022-12-19 12:13:44,2023-01-01 14:47:53
702,Halimeda,Dixon,Female,5007661131813462,3277.89,2022-01-31 17:06:10,2022-09-11 08:21:35
703,Barbra,Benne,Female,4017953801107,8420.24,2022-06-07 01:18:23,2022-11-21 09:31:01
704,Hillery,Varley,Male,5550652027758011,2957.9,2022-03-17 07:32:39,2022-06-25 17:35:51
705,Burke,Dewfall,Male,5048379015468730,1698.09,2022-02-26 07:58:11,2023-05-07 06:12:54
706,Datha,Mistry,Bigender,5108754881639415,8124.28,2022-07-14 07:04:32,2022-07-09 19:23:24
707,Keane,Gerler,Male,4041379809122,3797.2,2023-05-02 21:40:09,2022-11-27 16:55:08
708,Leta,Janisson,Female,4041374217990,4395.76,2022-01-08 10:05:20,2022-11-12 09:11:32
709,Ban,Trevaskiss,Genderqueer,5388526175936884,9059.97,2023-03-25 09:16:29,2022-07-19 22:29:22
710,Carlynne,Point,Female,4041374989028,4855.34,2023-06-12 09:30:49,2022-04-06 12:19:08
711,Jaimie,Elia,Female,4418959390631732,6565.31,2022-06-10 17:02:11,2022-11-10 08:21:57
712,Freida,Lemar,Female,4041370223679,3780.45,2023-03-26 13:01:25,2022-12-25 10:09:04
713,Cosme,Coucher,Male,5002356833066403,734.21,2023-03-19 10:19:16,2022-04-15 22:56:58
714,Nichol,Jacques,Bigender,5206778289640965,8250.08,2023-04-17 05:09:39,2023-04-06 22:25:31
715,Johnny,Sherborne,Male,5117020919448800,1036.98,2022-12-09 10:53:53,2022-05-11 09:28:45
716,Kellie,Yewdall,Female,5205898524293411,5594.13,2022-05-17 03:19:08,2022-01-28 12:48:16
717,Mathilde,Gavrielly,Female,4041371870608450,3898.28,2022-08-06 22:49:01,2023-06-13 11:50:40
718,Ray,MacNamara,Polygender,5108750593231392,8349.89,2022-02-10 15:31:10,2022-07-02 20:26:58
719,Quentin,Glauber,Male,4017957158185664,2271.51,2022-05-06 21:09:32,2022-06-30 18:18:04
720,Orton,Callear,Male,4715567489604492,2532.84,2022-01-06 19:18:46,2022-06-14 06:00:40
721,Wenda,Walshe,Female,5522662344236349,839.23,2023-04-05 02:05:02,2022-07-14 09:11:00
722,Kyrstin,Hinstridge,Female,5002356505504970,4022.13,2023-02-16 23:35:16,2022-04-01 02:58:48
723,Alain,McCurt,Male,4017953557000935,683.0,2023-05-19 12:42:16,2022-03-29 09:39:19
724,Haily,Kollatsch,Female,4041592791180,4453.56,2022-08-26 18:08:56,2022-02-19 13:35:32
725,Harwell,Blanche,Male,4041593764095,8490.23,2023-04-30 08:09:35,2023-01-21 19:41:58
726,Cheslie,Tyhurst,Female,4041376766705,1980.76,2022-07-12 22:54:20,2023-05-29 11:51:40
727,Riannon,Gaitskill,Female,4017958415502691,4895.45,2022-04-30 06:01:53,2022-09-17 07:42:20
728,Alice,Edgson,Non-binary,4017956986795116,6045.36,2022-11-09 21:11:04,2023-06-02 13:37:25
729,Andreas,Schrader,Male,4017060726959403,3295.1,2023-04-30 16:00:32,2022-01-10 06:28:02
730,Remy,Malkin,Female,5375487198207685,264.69,2022-03-24 16:16:34,2022-08-30 02:38:28
731,Anita,Botterell,Female,4689727909989715,125.37,2022-10-14 14:46:43,2022-08-14 21:07:40
732,Rory,Naton,Female,5010124801672002,9925.43,2022-09-05 00:02:52,2023-04-30 20:11:38
733,Ayn,Moohan,Female,4041591810266784,4538.74,2022-11-23 05:34:54,2022-02-23 09:49:32
734,Reg,Jikylls,Male,5126295416031395,8151.1,2022-11-24 06:09:46,2022-05-23 15:36:07
735,Roobbie,Baylis,Female,5193943624671936,3056.48,2022-05-14 08:24:11,2023-01-08 17:31:33
736,Silvia,Trengrove,Female,4017951153718157,6801.55,2023-01-28 11:13:01,2023-04-06 16:42:10
737,Travis,Gravey,Male,4041595854778166,2591.05,2022-01-10 16:00:45,2022-07-24 21:33:07
738,Libbey,McCheyne,Female,5414901928524790,3347.25,2022-12-17 00:02:57,2022-08-13 14:16:41
739,Stefan,Duns,Genderfluid,4041598334166291,6863.11,2022-07-25 10:33:52,2022-12-07 15:39:26
740,Almeda,Moneti,Female,5048379373697144,6599.18,2023-02-18 10:15:51,2022-10-07 21:07:52
741,Desdemona,Haskett,Female,4041599440781,7942.89,2022-12-06 11:52:21,2023-06-20 11:51:51
742,Calv,Subhan,Bigender,4017950670855849,6676.62,2022-12-06 18:42:06,2022-02-13 18:22:19
743,Albrecht,Moorhead,Male,5550717126201070,3847.97,2022-04-21 04:37:35,2022-03-17 18:38:27
744,Marysa,Earney,Agender,5317261722931941,7647.59,2022-12-02 04:17:22,2022-04-23 06:07:06
745,Reggi,Cast,Female,5100137817492208,1023.56,2023-02-07 14:56:39,2022-01-25 00:19:57
746,Vanda,Glasscoo,Female,5007661405511321,9217.61,2022-11-21 20:19:06,2022-03-20 22:22:15
747,Shurwood,Dorney,Male,4017957171895,6241.29,2022-03-25 21:42:10,2022-12-23 16:44:01
748,Rafi,McIlharga,Male,5010120808875242,5430.1,2022-05-18 00:08:58,2022-10-14 07:01:46
749,Jessie,Dixcey,Bigender,4017954799608741,4708.98,2022-04-17 06:26:14,2022-07-06 01:59:59
750,Noella,Tyer,Female,5007667472446242,7589.05,2022-10-13 17:27:44,2023-06-18 22:12:28
751,Maurene,Rathbourne,Bigender,4041373102904,3846.78,2023-01-17 23:11:16,2022-10-22 17:34:35
752,Valeda,Vischi,Female,4041592759073512,4159.59,2022-07-17 11:24:56,2023-04-30 16:34:38
753,Doreen,Whitchurch,Female,5108750392726949,3212.31,2022-12-15 01:54:03,2022-01-02 09:00:05
754,Henri,Taft,Male,5397078865492330,921.03,2023-03-01 22:13:24,2022-03-30 14:15:47
755,Karil,Sancraft,Female,4041376545349,4692.58,2023-05-01 01:47:14,2022-09-21 21:21:11
756,Rodolph,Fleis,Male,4041592403414,8436.86,2022-05-16 19:25:19,2022-08-17 09:17:19
757,Marrilee,Casa,Female,5520676190418001,6802.35,2022-09-09 18:48:43,2022-04-07 20:48:42
758,Jessalin,Murphy,Female,4041377931588151,3998.45,2022-03-15 18:14:34,2022-04-25 01:53:26
759,Cynthia,Murthwaite,Female,5100171273678869,5397.9,2022-11-01 01:18:37,2023-04-19 23:36:19
760,Oralla,MacDavitt,Female,5048379010353432,932.14,2022-05-31 12:27:04,2022-02-17 11:27:11
761,Conrado,Temperton,Male,4017956011322522,5738.57,2022-01-23 02:39:53,2022-04-02 20:12:53
762,Astra,Gligori,Female,4041595829471194,7889.87,2023-03-06 12:12:35,2023-03-30 01:56:15
763,Bondie,Instrell,Male,5108756726386243,6565.54,2022-09-02 03:25:25,2022-08-26 09:16:31
764,Morley,Mullins,Male,5391229439786568,3433.78,2023-05-28 11:13:15,2023-01-20 13:24:01
765,Hart,Blodgett,Non-binary,5217195946140056,9936.91,2022-12-10 03:28:48,2022-01-21 03:24:48
766,Cristal,Hallock,Female,5156477144291219,634.58,2023-03-24 04:27:14,2022-06-05 01:57:21
767,Fairlie,Darby,Male,4041598729820,383.19,2022-01-29 18:34:51,2022-08-02 23:30:48
768,Dominga,Korda,Female,5100139930545532,1429.78,2022-10-21 12:33:08,2022-10-13 01:15:40
769,Arline,Dudmarsh,Female,4017952819038907,2257.17,2023-05-15 07:10:05,2022-10-14 07:38:30
770,Alano,De Mitris,Male,4041595655622,7859.12,2022-07-25 07:44:36,2022-01-18 09:44:24
771,Zacherie,Sissens,Male,4041597638311,2665.42,2022-05-16 08:00:51,2022-11-14 22:48:25
772,Reggi,Eckert,Female,4041596083614149,9999.63,2022-01-02 01:40:16,2022-05-29 21:10:31
773,Cindee,Maddern,Agender,4017955877006,5327.37,2022-08-19 15:04:47,2023-04-07 22:45:58
774,Iorgos,Barnfather,Male,4041377442448176,5930.71,2023-02-26 07:42:51,2023-01-30 07:10:28
775,Olivie,Hedge,Female,5551247517583893,657.95,2023-04-22 13:10:43,2023-06-14 02:12:40
776,Fredra,Gilcrist,Female,5565388866640506,8060.33,2022-11-24 07:51:29,2023-05-18 03:25:41
777,Teodoro,Vayne,Male,5599055145757142,9901.45,2023-02-15 01:26:23,2022-01-16 09:36:52
778,Rafaela,Berryman,Female,4942756613476,7150.08,2022-01-27 18:59:29,2022-03-29 01:02:21
779,Theodoric,Paulack,Male,5540090722524896,7366.23,2022-08-11 18:20:39,2022-04-01 17:10:07
780,Lynett,Elcombe,Female,5007665955496288,2754.99,2022-03-23 02:24:07,2022-03-22 06:47:16
781,Wendel,Charkham,Male,4017955430765634,6768.2,2022-04-19 00:13:06,2022-02-17 01:22:23
782,Seamus,McGarvey,Genderfluid,5048377407941264,3202.01,2022-12-30 20:46:41,2022-11-17 13:48:33
783,Cynthie,Burkin,Female,4444526829391945,8886.28,2022-07-29 06:02:02,2023-04-10 12:25:28
784,Meridel,Cartmale,Female,4041377653378690,5308.0,2023-03-10 09:05:08,2022-05-15 23:00:41
785,Vic,Dene,Male,5298937921085794,2565.28,2023-04-30 07:50:06,2023-04-01 13:38:48
786,Larissa,Blunkett,Female,4041595555372400,752.59,2022-01-08 12:10:34,2022-01-08 00:59:59
787,Way,Badby,Male,5469234849957905,8656.36,2022-09-10 06:32:51,2022-01-18 02:49:10
788,Rowland,Brigginshaw,Male,4041598715389447,6524.51,2023-03-29 13:57:18,2022-05-22 21:58:56
789,Kaycee,Strodder,Genderfluid,5485946527084237,9647.19,2022-03-10 23:31:15,2022-07-04 21:40:30
790,Kory,Ruprecht,Agender,5007663311909698,6068.87,2023-04-20 11:23:54,2023-01-02 19:32:41
791,Riley,Hayfield,Male,5196811781611663,8215.01,2022-02-01 20:05:00,2022-08-10 10:43:36
792,Harvey,Pearson,Male,5007665112050846,2566.69,2022-12-26 22:29:26,2023-04-07 11:43:18
793,Winston,Attride,Male,4041590951077935,8487.14,2022-12-26 06:26:32,2022-05-24 07:57:13
794,Adelbert,Bibby,Genderfluid,5010129344846484,6844.57,2022-11-17 17:22:11,2022-02-15 16:56:50
795,Lorita,Cinavas,Female,4170644265313,9568.61,2022-06-04 03:37:23,2022-06-18 06:47:11
796,Rod,Wakes,Male,5374282252064135,1960.78,2022-05-29 16:37:39,2023-01-20 08:27:38
797,Arnold,MacLaverty,Male,4017951983022,2839.51,2022-12-16 03:58:12,2022-05-24 04:04:46
798,Ulick,Izachik,Male,4942435152625092,2441.57,2023-05-02 04:22:55,2022-10-15 09:45:07
799,Lamont,Reede,Male,4017955766688,899.1,2023-05-16 08:48:53,2022-04-02 03:09:21
800,Jackson,Mityushin,Male,5048375051490638,946.86,2023-04-19 08:46:56,2023-05-25 01:21:40
801,Jere,Lambard,Male,5486490926198602,7376.02,2022-09-18 17:55:27,2022-11-23 07:39:18
802,Christine,Harbage,Female,4041374841567,4341.12,2022-12-05 21:36:25,2022-12-23 13:05:47
803,Cecily,Andersch,Female,4041598543981,2428.19,2023-01-07 12:22:11,2023-06-11 03:59:12
804,Orv,Strase,Male,5100171819457844,2479.04,2022-01-26 23:42:19,2022-01-24 04:17:47
805,Benoit,Goomes,Male,4041372720276,9171.97,2022-03-14 03:08:36,2022-09-12 20:22:43
806,Catharina,Dignon,Female,4801927049590,7475.61,2023-03-17 14:12:48,2022-06-26 05:49:04
807,Mathilda,Frediani,Female,5002357858106371,1388.82,2022-10-16 19:02:34,2023-04-12 18:19:29
808,Brucie,Pauwel,Male,4041375007502437,9632.95,2022-11-13 23:37:32,2022-04-08 05:03:09
809,Breanne,Sudron,Female,5391034778917497,9200.57,2022-06-18 19:22:51,2022-12-15 05:29:55
810,Farlay,Gandey,Male,5100142727400341,8932.91,2023-04-14 18:37:39,2023-06-06 11:25:36
811,Kristofor,Teese,Bigender,5421596133022977,5460.6,2023-04-15 05:56:05,2023-01-03 00:53:32
812,Merralee,Dodding,Female,4041599063872,9890.15,2022-04-23 05:09:46,2022-01-21 16:54:21
813,Forster,Sommerling,Male,4041595337059689,6240.82,2022-02-22 11:29:48,2022-05-22 01:59:38
814,Patience,Delahunt,Female,5100176489444519,410.96,2023-06-21 23:06:53,2023-03-02 20:21:57
815,Renee,Kilmister,Female,5007663563335899,1552.21,2022-08-26 01:54:29,2023-01-15 08:52:11
816,Hermann,Tokley,Male,4017953886885808,6300.16,2022-11-21 07:06:36,2023-02-10 09:40:02
817,Ignacius,Hanssmann,Male,5002353383342755,2360.49,2022-07-01 19:08:10,2023-02-08 14:00:57
818,Dav,Noor,Male,5100149272236277,488.84,2022-04-25 16:25:09,2022-07-11 02:06:25
819,Nilson,Kaubisch,Male,5048376303663832,8376.27,2022-04-16 23:28:06,2023-06-18 01:27:46
820,Hubert,Bolland,Male,5592545022680109,4150.91,2022-06-14 07:46:24,2022-11-12 10:55:36
821,Ben,Ffoulkes,Male,4017953316601,7382.93,2022-10-16 10:36:53,2023-04-11 21:47:11
822,Westley,Giacomozzo,Male,4017959445602,3224.06,2022-05-16 20:49:11,2023-01-28 17:20:50
823,Waverly,Insall,Male,4041594179806489,1265.16,2022-08-16 19:25:23,2022-07-29 12:04:56
824,Rolland,Eul,Male,4041599747888,9201.26,2022-08-24 03:57:16,2023-04-15 06:46:23
825,Giselbert,Schlagh,Male,5108757119295488,8574.89,2022-04-10 00:59:59,2023-04-01 04:48:09
826,Hurlee,Focke,Male,4041596339457558,8271.97,2022-06-10 15:38:22,2023-02-28 06:20:25
827,Thorsten,Tennet,Male,4041378502850,3716.66,2022-10-19 06:01:41,2023-02-21 07:33:09
828,Alyse,Coleby,Female,5210760438657151,257.36,2022-05-31 04:14:21,2022-12-25 13:17:52
829,Gaye,Dagon,Female,5007666571184084,5230.13,2023-05-12 18:50:47,2022-01-02 19:25:46
830,Terry,Masi,Male,4041598999304385,2771.5,2022-10-31 05:32:22,2022-01-05 05:54:28
831,Nicolle,Stout,Female,5444630170652363,8040.22,2023-04-01 03:20:29,2023-05-21 16:17:44
832,Rene,Matiashvili,Male,4512332727051906,8106.7,2022-04-13 04:49:36,2023-06-04 11:10:43
833,Fidelia,Bavester,Female,5100135276695568,1670.36,2022-08-06 05:20:06,2022-10-22 12:23:44
834,Gerianna,Cake,Female,4041593572307384,7977.28,2022-01-12 00:22:32,2022-07-24 14:38:37
835,Corina,Buckney,Female,4561198870171951,9782.16,2022-07-12 17:59:54,2022-09-20 07:09:34
836,Kylila,Sedgebeer,Female,5002354277054514,437.79,2022-11-23 11:08:50,2022-02-11 12:27:22
837,Karola,Pennoni,Female,4586215278281389,4802.73,2022-10-25 06:28:08,2022-11-25 07:44:59
838,Burnard,Dockree,Male,5100142967164680,9157.39,2023-05-02 16:21:45,2023-06-11 21:11:10
839,Petra,Chatell,Female,5007665424823898,8828.0,2022-08-01 21:13:21,2023-03-23 12:53:23
840,Chrisy,Rounsefull,Male,5007663888725535,9284.77,2023-05-08 21:07:36,2023-06-08 13:32:37
841,Ursuline,Wildblood,Genderfluid,5108757220767805,8627.42,2022-06-05 22:22:26,2023-03-07 15:10:29
842,Gus,Holdin,Female,4017951588987,9998.95,2022-07-21 04:09:59,2022-08-30 19:25:04
843,Joannes,Ditt,Female,5108753462486667,4607.18,2023-01-02 11:18:26,2022-07-12 06:49:11
844,Arabel,Robet,Female,4041376206561,1657.02,2022-10-03 01:14:20,2023-02-23 16:28:53
845,Bobette,Greenman,Genderfluid,4041370520967,9020.59,2022-08-17 00:28:58,2023-04-25 13:29:50
846,Tommi,Cello,Female,4041594245821,7327.57,2022-02-13 12:56:41,2023-03-23 23:39:17
847,Marlee,Trainer,Female,5311073535207252,7947.33,2023-06-01 01:48:50,2023-06-15 09:54:03
848,Valenka,Gemmill,Female,4041379815814,9694.29,2022-11-09 15:40:25,2023-04-01 15:27:58
849,Anabel,Antonsen,Female,5048378848545417,4211.87,2022-03-14 03:37:57,2022-05-05 08:52:10
850,Crissy,Poulsom,Female,4017959669177,9897.37,2022-12-01 08:05:18,2023-03-20 23:09:11
851,Ebenezer,Hanwell,Male,4041591843844987,9279.02,2022-10-29 08:54:11,2022-10-04 01:35:26
852,Claudian,Danks,Male,4041377346804,7542.77,2023-05-03 03:01:08,2022-04-24 11:05:58
853,Humberto,Krollman,Male,4017952411005106,3683.12,2023-05-04 21:56:41,2023-06-18 12:53:48
854,Nadean,Teligin,Female,4017953970019,3127.18,2022-09-05 21:27:03,2022-02-05 20:47:11
855,Waneta,Crighten,Female,5477767339769041,7815.04,2022-10-29 18:07:29,2023-04-07 20:21:28
856,Pietrek,Tuppeny,Male,5100147170023771,856.25,2022-11-21 09:53:21,2022-07-26 20:33:47
857,Granthem,Tolmie,Bigender,4041596016099079,4398.06,2022-04-21 00:37:43,2022-10-16 22:34:11
858,Roy,Derrett,Male,5498921311328012,4928.24,2022-02-25 13:47:30,2022-08-05 03:10:00
859,Talbot,Picken,Male,5100133880255648,4762.81,2023-01-01 16:29:41,2022-01-05 07:35:13
860,Federico,Allworthy,Polygender,5361278441415993,1299.76,2023-03-06 03:14:34,2022-05-22 14:02:36
861,Daune,Fergusson,Female,4041590841680,6082.24,2022-08-19 18:39:12,2022-12-07 18:41:21
862,Gerry,Joannet,Male,5484236725670099,2864.37,2022-12-24 02:58:19,2022-08-26 02:43:08
863,Efren,Yarr,Male,4041378655647439,7028.01,2023-06-11 13:56:57,2022-06-08 21:20:11
864,Maxine,Strute,Female,4017957517022,2129.59,2022-03-25 09:28:49,2022-09-18 07:12:32
865,Rachel,Zoellner,Female,4441856573870387,8637.66,2023-02-01 02:07:56,2022-11-07 13:16:23
866,Koral,Simond,Female,5048376597607768,8860.39,2022-05-29 06:46:24,2022-08-24 21:18:14
867,Jasun,Hayford,Male,4135351133709763,1861.3,2022-02-28 15:30:02,2022-06-06 12:24:29
868,Tiffany,Collier,Female,4041599828544902,5205.14,2023-04-02 08:21:50,2022-11-15 00:16:58
869,Dario,Garrand,Male,4041370210482501,6931.77,2022-06-16 21:34:18,2022-06-10 21:57:57
870,Myron,Danilyuk,Male,4017953891285465,717.11,2022-10-27 01:28:00,2022-07-16 16:30:34
871,Jeramey,Griniov,Male,5100178083313587,5740.22,2022-10-07 12:21:17,2022-08-01 03:18:11
872,Yule,Dollin,Male,4017959588971,8139.33,2023-05-14 10:41:56,2023-05-10 23:14:59
873,Anastasia,Coleman,Female,5010126159516160,6759.5,2022-01-06 06:27:19,2022-03-04 00:51:56
874,Nedi,Riddock,Female,5101877594148064,7101.92,2023-03-31 23:04:06,2023-03-04 14:50:40
875,Ave,Castro,Male,4017951330190,7581.82,2022-11-19 04:21:30,2022-05-28 13:20:32
876,Penni,Leat,Female,4017959620587931,2236.81,2022-05-13 16:20:39,2022-02-05 19:54:43
877,Elene,Flisher,Female,4041376567228,8155.61,2023-05-16 04:02:10,2022-03-12 13:40:14
878,Bobbye,Bever,Female,4007161422145370,6069.77,2022-12-26 03:08:34,2023-04-17 22:04:22
879,Romona,Frankham,Female,4017958644932,3906.03,2022-05-08 13:30:02,2022-07-24 23:18:15
880,Robbin,Borrie,Female,4041373472208,9923.65,2022-11-02 09:05:55,2022-06-12 05:44:04
881,Ric,Watting,Male,4017952626463,1705.96,2022-08-25 22:56:37,2022-08-06 16:33:49
882,Roxy,Curtois,Female,5010125917934665,4124.55,2023-03-04 23:14:05,2022-06-24 15:27:30
883,Kipp,Lapham,Male,4017950954394150,4255.45,2022-06-18 08:44:40,2023-06-18 18:53:21
884,Claybourne,Crowther,Male,5584061332241905,8492.12,2022-11-11 11:37:29,2022-04-01 13:43:39
885,Rodie,Andrieu,Female,5525289061872523,1675.18,2023-03-18 21:37:25,2022-10-27 05:30:09
886,Van,Willoughby,Female,4041377302359406,9619.81,2023-05-13 03:02:09,2022-06-09 23:14:04
887,Melody,MacCafferky,Female,4448080695413876,9352.95,2022-01-04 12:45:12,2023-05-03 10:45:27
888,Nicole,Matteris,Female,4017951981833863,8696.53,2022-05-10 21:43:38,2022-03-21 08:15:35
889,Michal,Bryceson,Polygender,4081407252167755,7182.74,2022-07-06 23:06:46,2022-08-22 15:14:32
890,Gaylene,Kingsnod,Female,5010125536697545,9019.5,2022-02-28 12:50:30,2022-03-24 16:31:01
891,Tiffy,Greave,Female,4017957164023263,5347.94,2022-12-21 08:15:41,2023-05-08 20:45:04
892,Cristabel,Keenor,Female,4017955266825262,3897.11,2022-04-05 08:31:14,2023-04-27 20:09:05
893,Zachery,Arundel,Male,5108754989108867,6920.51,2022-12-21 20:28:06,2023-02-11 16:35:44
894,Jareb,Roggieri,Male,5496637344322499,5611.91,2023-05-27 02:59:04,2023-02-03 05:07:08
895,Russell,Capoun,Polygender,5595262635324656,3834.88,2022-09-18 05:57:21,2023-01-17 13:27:13
896,Farlay,Batchley,Agender,5558748432136686,897.56,2022-07-21 13:39:44,2023-01-29 01:31:18
897,Dodi,Cremin,Female,5100148285584111,9495.0,2022-11-17 14:34:09,2022-12-04 08:40:37
898,Rogerio,Rendall,Genderfluid,5010120081353909,3024.71,2023-06-21 19:49:45,2022-10-21 05:26:42
899,Christian,Bradnick,Male,5100137754787453,4827.9,2022-06-21 07:32:41,2022-03-31 14:54:47
900,Constantia,Pentelow,Female,4017958293805,1431.54,2022-04-21 20:18:53,2023-01-23 04:07:21
901,Barnabas,Alway,Male,5002359068465183,2693.54,2023-06-03 21:45:00,2023-04-09 23:26:50
902,Jemmy,Major,Agender,5445351899397391,9445.0,2023-02-02 06:42:18,2023-06-17 05:57:52
903,Griswold,McGrae,Male,5100141011197621,2718.85,2022-08-09 13:00:13,2022-04-07 08:12:43
904,Eugenie,Vreede,Genderqueer,4017952000222,8087.18,2022-06-25 06:41:46,2022-04-06 07:24:32
905,Elissa,Mechic,Female,5007664057165263,6437.82,2022-04-20 10:26:35,2023-05-02 07:43:37
906,Wilhelmine,Leckie,Female,4221005111286054,8567.33,2022-05-31 16:23:28,2022-04-02 00:45:22
907,Hugh,Wellbelove,Male,5100141961066974,3354.64,2022-10-14 10:05:57,2022-11-11 11:35:10
908,Maynord,Chafney,Male,4342432931197903,2352.72,2022-10-01 12:59:49,2022-11-28 19:37:37
909,Adrien,Girauld,Male,4041593546179125,9047.64,2022-05-11 04:45:16,2023-06-08 08:49:05
910,Wald,Ruck,Male,5100176961753247,6652.31,2022-08-08 21:50:00,2022-02-27 16:47:25
911,Lindsay,Mardall,Female,5048371486773748,7453.31,2022-05-10 08:29:53,2023-03-17 21:37:19
912,Violetta,Thorley,Female,4487786458890694,1657.77,2022-03-27 05:07:58,2022-09-30 12:58:34
913,Auria,Illyes,Non-binary,4017950648200706,9915.94,2022-07-26 01:39:48,2022-07-08 20:12:53
914,Davina,Viggars,Female,5002352309895409,1426.35,2022-11-19 18:11:43,2023-06-03 12:52:54
915,Langsdon,Footer,Male,5326927128095130,2857.02,2022-08-02 17:14:27,2023-01-08 10:56:34
916,Mathew,Voules,Male,4592227332627749,6054.72,2023-06-12 16:32:42,2022-05-10 01:53:01
917,Davida,Catlette,Female,4041378084856957,6054.85,2022-02-01 21:02:46,2023-03-27 12:31:59
918,Gabriele,Cutler,Male,5048371289109850,1530.63,2022-05-19 10:40:54,2022-10-07 22:03:07
919,Hermie,Boldry,Male,4041376003957088,5250.85,2023-05-17 10:03:10,2022-04-11 00:05:38
920,Leola,Beeck,Female,4830177626591,2522.56,2022-05-11 04:32:34,2022-04-08 10:31:43
921,Cthrine,MacEvilly,Female,4041592960678,8988.71,2022-01-09 23:34:44,2023-01-17 06:41:25
922,Clair,Kock,Male,4041370873309,8954.44,2022-12-04 07:16:54,2022-08-13 04:59:03
923,Lucien,Bottoner,Male,4041373206747,1516.25,2022-01-24 23:19:23,2023-05-29 12:46:00
924,Gerard,Parcell,Male,4017955851856037,5217.67,2022-11-03 14:59:52,2022-04-06 02:24:22
925,Kiersten,Scrivener,Female,4041378545081,3881.27,2022-07-06 20:57:53,2022-10-19 07:03:22
926,Nomi,Whaley,Female,5100177874430840,6539.34,2022-10-18 15:16:07,2022-05-21 23:41:47
927,Anson,Fancourt,Male,4158018094713553,2121.47,2022-04-25 16:52:04,2022-02-14 16:09:23
928,Liesa,Borge,Female,4017953582942143,406.51,2022-05-11 00:15:41,2022-08-20 19:46:24
929,Haley,Kubiczek,Female,5007664857334135,1525.1,2023-01-22 10:29:13,2022-07-02 05:21:55
930,Bail,Pauletti,Male,5048373716048024,7333.08,2022-10-20 13:41:58,2023-03-21 11:42:59
931,Brenda,Blakey,Genderfluid,4041371176775367,850.78,2022-05-02 00:23:15,2022-04-01 23:37:23
932,Kira,Jankowski,Female,5048377468438135,2139.77,2023-05-10 11:41:32,2023-03-03 05:35:15
933,Zebadiah,Dulton,Male,5108753068266240,1201.46,2022-05-25 18:10:13,2023-04-22 09:33:24
934,Hyatt,Iskov,Male,4041593441835,1795.86,2022-07-12 19:59:12,2022-11-10 10:12:40
935,Kirsten,Sneaker,Female,5485678704238381,602.14,2022-07-11 10:44:28,2022-12-14 19:20:52
936,Lockwood,Allwood,Male,5345729251542574,2426.95,2023-02-20 03:26:16,2022-07-21 03:51:47
937,Windham,Joseph,Male,5007662363761940,4561.46,2022-11-04 01:49:54,2022-07-02 15:37:33
938,Eldon,Ryles,Male,4041594019531297,7692.97,2022-01-07 06:33:19,2022-11-21 15:08:20
939,Holly-anne,Girton,Female,5100175505835171,6037.91,2022-07-09 17:29:56,2022-01-11 00:08:35
940,Therese,Colleer,Polygender,4017959294621859,3404.85,2022-07-31 14:19:41,2022-02-17 23:34:21
941,Randi,Mousdall,Non-binary,4041591120670,7907.26,2023-05-20 13:47:48,2023-05-09 19:18:40
942,Hussein,Peele,Male,5108757623713638,843.83,2022-07-11 11:02:55,2022-05-03 03:32:55
943,Staci,Billingsly,Female,5572738263857965,8338.36,2022-01-01 23:51:36,2022-12-06 05:43:07
944,Northrup,Oldall,Male,4681162096468,1210.43,2022-08-22 15:42:55,2022-04-06 20:13:43
945,Gleda,Heinlein,Female,4041376694234409,6170.4,2023-03-31 16:19:25,2022-08-26 18:33:15
946,Timmie,Batten,Male,4017959175570837,177.91,2022-09-20 05:13:33,2022-03-27 05:15:56
947,Kori,Ninnotti,Female,5002358147216617,8636.77,2022-03-14 09:05:06,2022-06-15 06:18:18
948,Morlee,Stallwood,Male,4041376797288,764.73,2022-01-04 08:08:15,2022-01-14 04:26:38
949,Sile,Storek,Female,5100144092441447,777.46,2022-03-17 20:00:12,2023-05-28 13:55:01
950,Bud,Villar,Male,4017958312688,7493.55,2022-04-30 17:10:16,2022-11-22 11:38:35
951,Gratiana,Calbaithe,Female,4844291305362,6127.57,2022-06-19 15:36:01,2022-01-31 12:32:28
952,Davina,Hodinton,Genderfluid,5100141908310006,2426.64,2022-10-23 11:59:53,2023-02-08 22:59:30
953,Vassili,Bambrick,Male,5270562908374417,8358.02,2022-01-22 04:18:03,2023-03-09 22:21:01
954,Estele,Longmate,Female,4041371991738,2413.27,2022-02-02 05:01:26,2022-06-14 22:35:21
955,Georg,Jolin,Male,4041598820173,5135.99,2023-03-18 05:32:40,2022-07-28 18:56:09
956,Joelie,Wing,Female,5290021728206826,5587.85,2022-09-09 23:53:31,2022-11-01 10:32:19
957,Zarah,Attow,Female,5108759278758900,8479.74,2022-03-24 09:40:35,2022-08-10 08:01:58
958,Stephanie,Kinavan,Female,4041372970122483,3387.71,2023-03-16 01:11:55,2023-06-15 04:12:46
959,Andonis,Henker,Male,4041593745139698,7786.81,2022-05-09 16:03:06,2023-01-06 23:04:19
960,Windy,Heimann,Female,4017953125379340,1643.42,2022-10-02 03:56:43,2022-11-29 07:21:47
961,Teresina,Ebbett,Female,5007662766225618,5065.46,2022-01-12 20:43:23,2022-11-27 17:17:56
962,Melodee,Pepon,Female,5048379557253912,659.8,2023-05-24 19:14:12,2022-04-15 06:43:18
963,Mellicent,Killik,Female,5100146709116619,8155.34,2023-01-07 23:03:25,2022-04-17 23:19:47
964,Ado,Place,Male,4017954759687487,5763.35,2023-06-13 19:00:31,2023-06-09 13:50:26
965,Pepe,Burchett,Male,4041590696030934,8571.59,2022-05-29 19:04:28,2023-01-19 10:27:06
966,Kristian,Briztman,Male,4041374203222,8111.39,2023-01-21 08:22:08,2022-07-17 11:27:15
967,Pieter,Pleasance,Male,5100145481736982,8946.6,2022-10-02 00:05:22,2023-04-02 08:33:39
968,Walt,Nowakowska,Non-binary,4017950290320,2723.58,2023-06-16 15:17:10,2022-09-22 19:41:55
969,Berti,Benjamin,Female,5100179133953257,634.67,2022-11-12 10:47:40,2022-02-13 14:46:21
970,Dehlia,Firpi,Female,4017954193280,9768.28,2023-05-09 12:57:55,2022-05-31 22:59:14
971,Marilyn,MacEnelly,Female,5426875276226685,1251.11,2022-03-10 05:52:43,2022-07-05 08:49:44
972,Goldy,Lauridsen,Female,4566634101150518,2589.68,2022-04-28 11:05:55,2023-03-01 19:33:43
973,Irina,Ferreli,Female,5274218947558009,4304.89,2022-07-18 04:31:05,2022-05-15 07:59:15
974,Kippy,Madelin,Male,5100176008150779,5232.5,2022-12-26 11:28:05,2022-08-17 01:58:51
975,Dione,Pragnall,Female,4017957074032,6111.73,2022-10-10 10:34:07,2022-08-28 02:19:49
976,Ruthy,Bate,Female,4041378298277,8472.89,2023-06-09 18:42:24,2023-05-18 02:46:47
977,Hinze,Shyres,Male,4041379926171233,1008.61,2022-03-12 03:50:24,2022-08-07 00:13:05
978,Toddy,Troucher,Male,5010121378336078,5061.51,2022-04-13 21:57:40,2023-02-19 06:22:30
979,Larissa,Garbett,Agender,5010126396152043,6140.61,2023-01-02 22:21:23,2022-03-15 01:35:47
980,Far,Cantwell,Male,5010124694471918,6642.48,2023-03-20 12:49:46,2022-01-24 05:37:11
981,Hoebart,Dufour,Male,4017955289656124,2859.17,2022-12-12 02:44:00,2022-07-21 12:36:56
982,Lodovico,Rodell,Male,5002355245038257,6829.25,2022-08-16 12:26:36,2022-06-30 00:00:09
983,Hagan,Geratt,Male,4017958661027,1966.26,2022-08-21 21:32:56,2022-09-06 08:22:49
984,Kim,Penning,Agender,5566690309209578,3114.59,2023-03-03 04:40:17,2023-04-11 21:49:16
985,Izaak,Aucock,Male,5134177025249800,6198.21,2022-01-21 10:46:02,2023-05-24 17:17:49
986,Burnard,Chipperfield,Male,4240675610131,1596.03,2022-10-10 09:46:08,2022-01-19 07:21:41
987,Madelle,Iveagh,Female,4041372729100434,9671.28,2023-04-17 17:12:51,2022-06-08 00:55:03
988,Porter,Poff,Male,5100135965397849,2921.65,2023-05-22 20:58:06,2022-10-31 08:48:58
989,Yetty,Ewbanke,Female,5577728499802328,6180.69,2022-11-11 19:24:36,2023-01-21 06:14:49
990,Orran,Drewery,Male,4041592676522,9244.27,2022-09-28 13:23:56,2022-08-10 01:35:36
991,Leelah,McParlin,Female,5280724769984746,2504.89,2022-09-19 08:07:04,2022-02-13 10:26:54
992,Jordana,Ryley,Female,5100133660459741,8432.45,2022-12-17 21:34:06,2022-06-14 17:06:38
993,Aprilette,Lafrentz,Female,5002359148329771,6762.15,2023-02-21 13:52:17,2022-01-19 06:47:49
994,Ekaterina,Pasley,Female,4041379975411738,8334.93,2022-03-18 01:21:05,2022-08-05 00:56:36
995,Rip,Patillo,Male,4041376539318870,5488.67,2022-09-14 00:11:46,2022-01-21 16:43:34
996,Lizette,Buer,Female,4041370782476,7927.64,2022-04-07 22:17:03,2022-08-01 10:47:49
997,Clareta,Kipling,Female,5100172139661842,6597.83,2022-04-24 22:34:48,2023-05-23 01:01:28
998,Krishnah,Ponnsett,Male,5108759351196184,9533.49,2023-01-22 12:42:07,2022-05-06 21:43:36
999,Lorri,Mackley,Female,5100130985272809,5677.29,2022-06-07 19:59:50,2022-12-11 06:53:34
1000,Imogen,Davoren,Female,4017954285318,4121.75,2022-07-15 09:30:46,2022-04-06 09:53:12
